[     795ms] [INFO] Audiolib: AudioWorklet module loaded. @ http://localhost:3000/@fs/Users/kristinnroachgunnarsson/Dev/kidlib/web-audio/dist/index.js?t=1788416252282:4821
[    3279ms] [LOG] enableSamplePlayerMidi() -> MIDI enabled @ http://localhost:3000/src/utils/log.ts:3
[    3781ms] [LOG] Mapped CC15 to HPF @ http://localhost:3000/src/utils/log.ts:3
[    3781ms] [LOG] Mapped CC73 to LPF @ http://localhost:3000/src/utils/log.ts:3
[  149654ms] [LOG] enableSamplePlayerMidi() -> MIDI enabled @ http://localhost:3000/src/utils/log.ts:3
[  150155ms] [LOG] Mapped CC15 to HPF @ http://localhost:3000/src/utils/log.ts:3
[  150156ms] [LOG] Mapped CC73 to LPF @ http://localhost:3000/src/utils/log.ts:3
[  151983ms] [INFO] Audiolib: AudioWorklet module loaded. @ http://localhost:3000/@fs/Users/kristinnroachgunnarsson/Dev/kidlib/web-audio/dist/index.js?t=1788416252282:4821
[  169370ms] [INFO] Recorder state: ARMED @ http://localhost:3000/@fs/Users/kristinnroachgunnarsson/Dev/kidlib/web-audio/dist/index.js?t=1788416252282:5010
[  171136ms] [INFO] Recorder state: RECORDING @ http://localhost:3000/@fs/Users/kristinnroachgunnarsson/Dev/kidlib/web-audio/dist/index.js?t=1788416252282:5016
[  172928ms] [TABLE] {pitchSource: Object, targetNoteInfo: Object, playbackRateMultiplier: 1.0141010255527971, midiFloat: 42.757583416828474} @ http://localhost:3000/@fs/Users/kristinnroachgunnarsson/Dev/kidlib/web-audio/dist/index.js?t=1788416252282:1074
[  173056ms] [TABLE] {pitchSource: Object, targetNoteInfo: Object, playbackRateMultiplier: 1.0141010255527971, midiFloat: 42.757583416828474} @ http://localhost:3000/@fs/Users/kristinnroachgunnarsson/Dev/kidlib/web-audio/dist/index.js?t=1788416252282:1074
[  173064ms] [INFO] Recorder state: STOPPED @ http://localhost:3000/@fs/Users/kristinnroachgunnarsson/Dev/kidlib/web-audio/dist/index.js?t=1788416252282:5059
[  335063ms] [LOG] enableSamplePlayerMidi() -> MIDI enabled @ http://localhost:3000/src/utils/log.ts:3
[  335080ms] [INFO] Audiolib: AudioWorklet module loaded. @ http://localhost:3000/@fs/Users/kristinnroachgunnarsson/Dev/kidlib/web-audio/dist/index.js?t=1788416252282:4821
[  335564ms] [LOG] Mapped CC15 to HPF @ http://localhost:3000/src/utils/log.ts:3
[  335564ms] [LOG] Mapped CC73 to LPF @ http://localhost:3000/src/utils/log.ts:3
[  341508ms] [INFO] Recorder state: ARMED @ http://localhost:3000/@fs/Users/kristinnroachgunnarsson/Dev/kidlib/web-audio/dist/index.js?t=1788416252282:5010
[  345035ms] [INFO] Recorder state: RECORDING @ http://localhost:3000/@fs/Users/kristinnroachgunnarsson/Dev/kidlib/web-audio/dist/index.js?t=1788416252282:5016
[  346494ms] [TABLE] {pitchSource: Object, targetNoteInfo: Object, playbackRateMultiplier: 1.0027962076441006, midiFloat: 58.95165865594705} @ http://localhost:3000/@fs/Users/kristinnroachgunnarsson/Dev/kidlib/web-audio/dist/index.js?t=1788416252282:1074
[  346598ms] [TABLE] {pitchSource: Object, targetNoteInfo: Object, playbackRateMultiplier: 1.0027962076441006, midiFloat: 58.95165865594705} @ http://localhost:3000/@fs/Users/kristinnroachgunnarsson/Dev/kidlib/web-audio/dist/index.js?t=1788416252282:1074
[  346607ms] [INFO] Recorder state: STOPPED @ http://localhost:3000/@fs/Users/kristinnroachgunnarsson/Dev/kidlib/web-audio/dist/index.js?t=1788416252282:5059
[  370931ms] [INFO] Recorder state: ARMED @ http://localhost:3000/@fs/Users/kristinnroachgunnarsson/Dev/kidlib/web-audio/dist/index.js?t=1788416252282:5010
[  377902ms] [INFO] Recorder state: RECORDING @ http://localhost:3000/@fs/Users/kristinnroachgunnarsson/Dev/kidlib/web-audio/dist/index.js?t=1788416252282:5016
[  379494ms] [TABLE] {pitchSource: Object, targetNoteInfo: Object, playbackRateMultiplier: 1.0216511707387348, midiFloat: 57.629167705166964} @ http://localhost:3000/@fs/Users/kristinnroachgunnarsson/Dev/kidlib/web-audio/dist/index.js?t=1788416252282:1074
[  379608ms] [TABLE] {pitchSource: Object, targetNoteInfo: Object, playbackRateMultiplier: 1.0216511707387348, midiFloat: 57.629167705166964} @ http://localhost:3000/@fs/Users/kristinnroachgunnarsson/Dev/kidlib/web-audio/dist/index.js?t=1788416252282:1074
[  379609ms] [INFO] Skipped autotune due to unreliable pitch detection @ http://localhost:3000/@fs/Users/kristinnroachgunnarsson/Dev/kidlib/web-audio/dist/index.js?t=1788416252282:1056
[  379617ms] [INFO] Recorder state: STOPPED @ http://localhost:3000/@fs/Users/kristinnroachgunnarsson/Dev/kidlib/web-audio/dist/index.js?t=1788416252282:5059
[  402445ms] [INFO] Recorder state: ARMED @ http://localhost:3000/@fs/Users/kristinnroachgunnarsson/Dev/kidlib/web-audio/dist/index.js?t=1788416252282:5010
[  407635ms] [INFO] Recorder state: RECORDING @ http://localhost:3000/@fs/Users/kristinnroachgunnarsson/Dev/kidlib/web-audio/dist/index.js?t=1788416252282:5016
[  409240ms] [TABLE] {pitchSource: Object, targetNoteInfo: Object, playbackRateMultiplier: 1.0185091165800573, midiFloat: 36.68249327451669} @ http://localhost:3000/@fs/Users/kristinnroachgunnarsson/Dev/kidlib/web-audio/dist/index.js?t=1788416252282:1074
[  409412ms] [TABLE] {pitchSource: Object, targetNoteInfo: Object, playbackRateMultiplier: 1.0185091165800573, midiFloat: 36.68249327451669} @ http://localhost:3000/@fs/Users/kristinnroachgunnarsson/Dev/kidlib/web-audio/dist/index.js?t=1788416252282:1074
[  409418ms] [INFO] Recorder state: STOPPED @ http://localhost:3000/@fs/Users/kristinnroachgunnarsson/Dev/kidlib/web-audio/dist/index.js?t=1788416252282:5059
[  424851ms] [INFO] Recorder state: ARMED @ http://localhost:3000/@fs/Users/kristinnroachgunnarsson/Dev/kidlib/web-audio/dist/index.js?t=1788416252282:5010
[  425903ms] [INFO] Recorder state: RECORDING @ http://localhost:3000/@fs/Users/kristinnroachgunnarsson/Dev/kidlib/web-audio/dist/index.js?t=1788416252282:5016
[  427318ms] [TABLE] {pitchSource: Object, targetNoteInfo: Object, playbackRateMultiplier: 1.0010470547318358, midiFloat: 59.98188251531477} @ http://localhost:3000/@fs/Users/kristinnroachgunnarsson/Dev/kidlib/web-audio/dist/index.js?t=1788416252282:1074
[  427425ms] [TABLE] {pitchSource: Object, targetNoteInfo: Object, playbackRateMultiplier: 1.0010470547318358, midiFloat: 59.98188251531477} @ http://localhost:3000/@fs/Users/kristinnroachgunnarsson/Dev/kidlib/web-audio/dist/index.js?t=1788416252282:1074
[  427426ms] [INFO] Skipped autotune - detected pitch is already C @ http://localhost:3000/@fs/Users/kristinnroachgunnarsson/Dev/kidlib/web-audio/dist/index.js?t=1788416252282:1056
[  427433ms] [INFO] Recorder state: STOPPED @ http://localhost:3000/@fs/Users/kristinnroachgunnarsson/Dev/kidlib/web-audio/dist/index.js?t=1788416252282:5059
[  477624ms] [INFO] Recorder state: ARMED @ http://localhost:3000/@fs/Users/kristinnroachgunnarsson/Dev/kidlib/web-audio/dist/index.js?t=1788416252282:5010
[  480470ms] [INFO] Recorder state: RECORDING @ http://localhost:3000/@fs/Users/kristinnroachgunnarsson/Dev/kidlib/web-audio/dist/index.js?t=1788416252282:5016
[  482376ms] [TABLE] {pitchSource: Object, targetNoteInfo: Object, playbackRateMultiplier: 1.0158795891241448, midiFloat: 46.72724706209914} @ http://localhost:3000/@fs/Users/kristinnroachgunnarsson/Dev/kidlib/web-audio/dist/index.js?t=1788416252282:1074
[  482513ms] [TABLE] {pitchSource: Object, targetNoteInfo: Object, playbackRateMultiplier: 1.0158795891241448, midiFloat: 46.72724706209914} @ http://localhost:3000/@fs/Users/kristinnroachgunnarsson/Dev/kidlib/web-audio/dist/index.js?t=1788416252282:1074
[  482522ms] [INFO] Recorder state: STOPPED @ http://localhost:3000/@fs/Users/kristinnroachgunnarsson/Dev/kidlib/web-audio/dist/index.js?t=1788416252282:5059
[  499866ms] [INFO] Recorder state: ARMED @ http://localhost:3000/@fs/Users/kristinnroachgunnarsson/Dev/kidlib/web-audio/dist/index.js?t=1788416252282:5010
[  501704ms] [INFO] Recorder state: RECORDING @ http://localhost:3000/@fs/Users/kristinnroachgunnarsson/Dev/kidlib/web-audio/dist/index.js?t=1788416252282:5016
[  503740ms] [TABLE] {pitchSource: Object, targetNoteInfo: Object, playbackRateMultiplier: 1.0143741321349817, midiFloat: 67.75292167458167} @ http://localhost:3000/@fs/Users/kristinnroachgunnarsson/Dev/kidlib/web-audio/dist/index.js?t=1788416252282:1074
[  503886ms] [TABLE] {pitchSource: Object, targetNoteInfo: Object, playbackRateMultiplier: 1.0143741321349817, midiFloat: 67.75292167458167} @ http://localhost:3000/@fs/Users/kristinnroachgunnarsson/Dev/kidlib/web-audio/dist/index.js?t=1788416252282:1074
[  503886ms] [INFO] Skipped autotune due to unreliable pitch detection @ http://localhost:3000/@fs/Users/kristinnroachgunnarsson/Dev/kidlib/web-audio/dist/index.js?t=1788416252282:1056
[  503896ms] [INFO] Recorder state: STOPPED @ http://localhost:3000/@fs/Users/kristinnroachgunnarsson/Dev/kidlib/web-audio/dist/index.js?t=1788416252282:5059
[  511099ms] [INFO] Recorder state: ARMED @ http://localhost:3000/@fs/Users/kristinnroachgunnarsson/Dev/kidlib/web-audio/dist/index.js?t=1788416252282:5010
[  514788ms] [INFO] Recorder state: RECORDING @ http://localhost:3000/@fs/Users/kristinnroachgunnarsson/Dev/kidlib/web-audio/dist/index.js?t=1788416252282:5016
[  516833ms] [TABLE] {pitchSource: Object, targetNoteInfo: Object, playbackRateMultiplier: 1.0197208324086615, midiFloat: 46.66190910099449} @ http://localhost:3000/@fs/Users/kristinnroachgunnarsson/Dev/kidlib/web-audio/dist/index.js?t=1788416252282:1074
[  516984ms] [TABLE] {pitchSource: Object, targetNoteInfo: Object, playbackRateMultiplier: 1.0197208324086615, midiFloat: 46.66190910099449} @ http://localhost:3000/@fs/Users/kristinnroachgunnarsson/Dev/kidlib/web-audio/dist/index.js?t=1788416252282:1074
[  516992ms] [LOG] Loop end line out of bounds @ http://localhost:3000/src/utils/log.ts:3
[  516992ms] [LOG] Loop end line out of bounds @ http://localhost:3000/src/utils/log.ts:3
[  516993ms] [LOG] Loop end line out of bounds @ http://localhost:3000/src/utils/log.ts:3
[  516993ms] [LOG] Loop end line out of bounds @ http://localhost:3000/src/utils/log.ts:3
[  516993ms] [LOG] Loop end line out of bounds @ http://localhost:3000/src/utils/log.ts:3
[  516993ms] [LOG] Loop end line out of bounds @ http://localhost:3000/src/utils/log.ts:3
[  516993ms] [INFO] Recorder state: STOPPED @ http://localhost:3000/@fs/Users/kristinnroachgunnarsson/Dev/kidlib/web-audio/dist/index.js?t=1788416252282:5059
[ 1109750ms] [LOG] Loop end line out of bounds @ http://localhost:3000/src/utils/log.ts:3
[ 1109751ms] [LOG] Loop end line out of bounds @ http://localhost:3000/src/utils/log.ts:3
[ 1109751ms] [LOG] Loop end line out of bounds @ http://localhost:3000/src/utils/log.ts:3
[ 1109894ms] [LOG] MIDI disabled and cleaned up @ http://localhost:3000/src/utils/log.ts:3
[ 1109935ms] [LOG] enableSamplePlayerMidi() -> MIDI enabled @ http://localhost:3000/src/utils/log.ts:3
[ 1109993ms] [LOG] MIDI disabled and cleaned up @ http://localhost:3000/src/utils/log.ts:3
[ 1110004ms] [LOG] enableSamplePlayerMidi() -> MIDI enabled @ http://localhost:3000/src/utils/log.ts:3
[ 1110006ms] [INFO] Audiolib: AudioWorklet module loaded. @ http://localhost:3000/@fs/Users/kristinnroachgunnarsson/Dev/kidlib/web-audio/dist/index.js?t=1788417477966:4821
[ 1110017ms] [INFO] AudioWorklet processors already initialized, skipping @ http://localhost:3000/@fs/Users/kristinnroachgunnarsson/Dev/kidlib/web-audio/dist/index.js?t=1788417477966:4804
[ 1110173ms] [LOG] MIDI disabled and cleaned up @ http://localhost:3000/src/utils/log.ts:3
[ 1110185ms] [LOG] enableSamplePlayerMidi() -> MIDI enabled @ http://localhost:3000/src/utils/log.ts:3
[ 1110202ms] [INFO] AudioWorklet processors already initialized, skipping @ http://localhost:3000/@fs/Users/kristinnroachgunnarsson/Dev/kidlib/web-audio/dist/index.js?t=1788417477966:4804
[ 1110686ms] [LOG] Mapped CC15 to HPF @ http://localhost:3000/src/utils/log.ts:3
[ 1110686ms] [LOG] Mapped CC73 to LPF @ http://localhost:3000/src/utils/log.ts:3
[ 1118848ms] [LOG] MIDI disabled and cleaned up @ http://localhost:3000/src/utils/log.ts:3
[ 1118865ms] [LOG] enableSamplePlayerMidi() -> MIDI enabled @ http://localhost:3000/src/utils/log.ts:3
[ 1118915ms] [INFO] Audiolib: AudioWorklet module loaded. @ http://localhost:3000/@fs/Users/kristinnroachgunnarsson/Dev/kidlib/web-audio/dist/index.js?t=1788417487329:4821
[ 1118917ms] [LOG] MIDI disabled and cleaned up @ http://localhost:3000/src/utils/log.ts:3
[ 1118926ms] [LOG] enableSamplePlayerMidi() -> MIDI enabled @ http://localhost:3000/src/utils/log.ts:3
[ 1118952ms] [INFO] AudioWorklet processors already initialized, skipping @ http://localhost:3000/@fs/Users/kristinnroachgunnarsson/Dev/kidlib/web-audio/dist/index.js?t=1788417487329:4804
[ 1118954ms] [LOG] MIDI disabled and cleaned up @ http://localhost:3000/src/utils/log.ts:3
[ 1118961ms] [LOG] enableSamplePlayerMidi() -> MIDI enabled @ http://localhost:3000/src/utils/log.ts:3
[ 1118973ms] [INFO] AudioWorklet processors already initialized, skipping @ http://localhost:3000/@fs/Users/kristinnroachgunnarsson/Dev/kidlib/web-audio/dist/index.js?t=1788417487329:4804
[ 1119462ms] [LOG] Mapped CC15 to HPF @ http://localhost:3000/src/utils/log.ts:3
[ 1119462ms] [LOG] Mapped CC73 to LPF @ http://localhost:3000/src/utils/log.ts:3
[ 1517965ms] [LOG] MIDI disabled and cleaned up @ http://localhost:3000/src/utils/log.ts:3
[ 1517986ms] [LOG] enableSamplePlayerMidi() -> MIDI enabled @ http://localhost:3000/src/utils/log.ts:3
[ 1518020ms] [LOG] MIDI disabled and cleaned up @ http://localhost:3000/src/utils/log.ts:3
[ 1518031ms] [LOG] enableSamplePlayerMidi() -> MIDI enabled @ http://localhost:3000/src/utils/log.ts:3
[ 1518032ms] [INFO] Audiolib: AudioWorklet module loaded. @ http://localhost:3000/@fs/Users/kristinnroachgunnarsson/Dev/kidlib/web-audio/dist/index.js?t=1788417886442:4822
[ 1518195ms] [INFO] AudioWorklet processors already initialized, skipping @ http://localhost:3000/@fs/Users/kristinnroachgunnarsson/Dev/kidlib/web-audio/dist/index.js?t=1788417886442:4805
[ 1518202ms] [LOG] MIDI disabled and cleaned up @ http://localhost:3000/src/utils/log.ts:3
[ 1518230ms] [LOG] enableSamplePlayerMidi() -> MIDI enabled @ http://localhost:3000/src/utils/log.ts:3
[ 1518291ms] [INFO] AudioWorklet processors already initialized, skipping @ http://localhost:3000/@fs/Users/kristinnroachgunnarsson/Dev/kidlib/web-audio/dist/index.js?t=1788417886442:4805
[ 1518730ms] [LOG] Mapped CC15 to HPF @ http://localhost:3000/src/utils/log.ts:3
[ 1518731ms] [LOG] Mapped CC73 to LPF @ http://localhost:3000/src/utils/log.ts:3
[ 1555694ms] [LOG] MIDI disabled and cleaned up @ http://localhost:3000/src/utils/log.ts:3
[ 1555710ms] [LOG] enableSamplePlayerMidi() -> MIDI enabled @ http://localhost:3000/src/utils/log.ts:3
[ 1555745ms] [INFO] Audiolib: AudioWorklet module loaded. @ http://localhost:3000/@fs/Users/kristinnroachgunnarsson/Dev/kidlib/web-audio/dist/index.js?t=1788417924164:4822
[ 1555883ms] [LOG] MIDI disabled and cleaned up @ http://localhost:3000/src/utils/log.ts:3
[ 1555891ms] [LOG] enableSamplePlayerMidi() -> MIDI enabled @ http://localhost:3000/src/utils/log.ts:3
[ 1555961ms] [INFO] AudioWorklet processors already initialized, skipping @ http://localhost:3000/@fs/Users/kristinnroachgunnarsson/Dev/kidlib/web-audio/dist/index.js?t=1788417924164:4805
[ 1556015ms] [LOG] MIDI disabled and cleaned up @ http://localhost:3000/src/utils/log.ts:3
[ 1556024ms] [LOG] enableSamplePlayerMidi() -> MIDI enabled @ http://localhost:3000/src/utils/log.ts:3
[ 1556033ms] [INFO] AudioWorklet processors already initialized, skipping @ http://localhost:3000/@fs/Users/kristinnroachgunnarsson/Dev/kidlib/web-audio/dist/index.js?t=1788417924164:4805
[ 1556525ms] [LOG] Mapped CC15 to HPF @ http://localhost:3000/src/utils/log.ts:3
[ 1556525ms] [LOG] Mapped CC73 to LPF @ http://localhost:3000/src/utils/log.ts:3
[ 1557669ms] [LOG] enableSamplePlayerMidi() -> MIDI enabled @ http://localhost:3000/src/utils/log.ts:3
[ 1557684ms] [INFO] Audiolib: AudioWorklet module loaded. @ http://localhost:3000/@fs/Users/kristinnroachgunnarsson/Dev/kidlib/web-audio/dist/index.js?t=1788417924164:4822
[ 1558171ms] [LOG] Mapped CC15 to HPF @ http://localhost:3000/src/utils/log.ts:3
[ 1558171ms] [LOG] Mapped CC73 to LPF @ http://localhost:3000/src/utils/log.ts:3
[ 1599750ms] [INFO] Recorder state: ARMED @ http://localhost:3000/@fs/Users/kristinnroachgunnarsson/Dev/kidlib/web-audio/dist/index.js?t=1788417924164:5011
[ 1604458ms] [INFO] Recorder state: RECORDING @ http://localhost:3000/@fs/Users/kristinnroachgunnarsson/Dev/kidlib/web-audio/dist/index.js?t=1788417924164:5017
[ 1605859ms] [TABLE] {frequency: 59.3365004515434, confidence: 0.3417469300572014, targetNoteInfo: Object, playbackRateMultiplier: 0.9820341568230381, midiFloat: 34.313858680964465} @ http://localhost:3000/@fs/Users/kristinnroachgunnarsson/Dev/kidlib/web-audio/dist/index.js?t=1788417924164:1074
[ 1605961ms] [TABLE] {frequency: 59.3365004515434, confidence: 0.3417469300572014, targetNoteInfo: Object, playbackRateMultiplier: 0.9820341568230381, midiFloat: 34.313858680964465} @ http://localhost:3000/@fs/Users/kristinnroachgunnarsson/Dev/kidlib/web-audio/dist/index.js?t=1788417924164:1074
[ 1605961ms] [INFO] Skipped autotune due to unreliable pitch detection @ http://localhost:3000/@fs/Users/kristinnroachgunnarsson/Dev/kidlib/web-audio/dist/index.js?t=1788417924164:1056
[ 1605974ms] [INFO] Recorder state: STOPPED @ http://localhost:3000/@fs/Users/kristinnroachgunnarsson/Dev/kidlib/web-audio/dist/index.js?t=1788417924164:5060
[ 1878021ms] [LOG] MIDI disabled and cleaned up @ http://localhost:3000/src/utils/log.ts:3
[ 1878040ms] [LOG] enableSamplePlayerMidi() -> MIDI enabled @ http://localhost:3000/src/utils/log.ts:3
[ 1878058ms] [LOG] MIDI disabled and cleaned up @ http://localhost:3000/src/utils/log.ts:3
[ 1878065ms] [LOG] enableSamplePlayerMidi() -> MIDI enabled @ http://localhost:3000/src/utils/log.ts:3
[ 1878065ms] [INFO] Audiolib: AudioWorklet module loaded. @ http://localhost:3000/@fs/Users/kristinnroachgunnarsson/Dev/kidlib/web-audio/dist/index.js?t=1788418246539:4820
[ 1878070ms] [INFO] AudioWorklet processors already initialized, skipping @ http://localhost:3000/@fs/Users/kristinnroachgunnarsson/Dev/kidlib/web-audio/dist/index.js?t=1788418246539:4803
[ 1878185ms] [LOG] MIDI disabled and cleaned up @ http://localhost:3000/src/utils/log.ts:3
[ 1878194ms] [LOG] enableSamplePlayerMidi() -> MIDI enabled @ http://localhost:3000/src/utils/log.ts:3
[ 1878199ms] [INFO] AudioWorklet processors already initialized, skipping @ http://localhost:3000/@fs/Users/kristinnroachgunnarsson/Dev/kidlib/web-audio/dist/index.js?t=1788418246539:4803
[ 1878696ms] [LOG] Mapped CC15 to HPF @ http://localhost:3000/src/utils/log.ts:3
[ 1878696ms] [LOG] Mapped CC73 to LPF @ http://localhost:3000/src/utils/log.ts:3
[ 1892164ms] [LOG] MIDI disabled and cleaned up @ http://localhost:3000/src/utils/log.ts:3
[ 1892176ms] [LOG] enableSamplePlayerMidi() -> MIDI enabled @ http://localhost:3000/src/utils/log.ts:3
[ 1892205ms] [INFO] Audiolib: AudioWorklet module loaded. @ http://localhost:3000/@fs/Users/kristinnroachgunnarsson/Dev/kidlib/web-audio/dist/index.js?t=1788418260792:4820
[ 1892246ms] [LOG] MIDI disabled and cleaned up @ http://localhost:3000/src/utils/log.ts:3
[ 1892294ms] [LOG] enableSamplePlayerMidi() -> MIDI enabled @ http://localhost:3000/src/utils/log.ts:3
[ 1892303ms] [INFO] AudioWorklet processors already initialized, skipping @ http://localhost:3000/@fs/Users/kristinnroachgunnarsson/Dev/kidlib/web-audio/dist/index.js?t=1788418260792:4803
[ 1892392ms] [LOG] MIDI disabled and cleaned up @ http://localhost:3000/src/utils/log.ts:3
[ 1892399ms] [LOG] enableSamplePlayerMidi() -> MIDI enabled @ http://localhost:3000/src/utils/log.ts:3
[ 1892403ms] [INFO] AudioWorklet processors already initialized, skipping @ http://localhost:3000/@fs/Users/kristinnroachgunnarsson/Dev/kidlib/web-audio/dist/index.js?t=1788418260792:4803
[ 1892472ms] [LOG] MIDI disabled and cleaned up @ http://localhost:3000/src/utils/log.ts:3
[ 1892480ms] [LOG] enableSamplePlayerMidi() -> MIDI enabled @ http://localhost:3000/src/utils/log.ts:3
[ 1892484ms] [INFO] AudioWorklet processors already initialized, skipping @ http://localhost:3000/@fs/Users/kristinnroachgunnarsson/Dev/kidlib/web-audio/dist/index.js?t=1788418260792:4803
[ 1892518ms] [LOG] MIDI disabled and cleaned up @ http://localhost:3000/src/utils/log.ts:3
[ 1892528ms] [LOG] enableSamplePlayerMidi() -> MIDI enabled @ http://localhost:3000/src/utils/log.ts:3
[ 1892531ms] [INFO] AudioWorklet processors already initialized, skipping @ http://localhost:3000/@fs/Users/kristinnroachgunnarsson/Dev/kidlib/web-audio/dist/index.js?t=1788418260792:4803
[ 1892567ms] [LOG] MIDI disabled and cleaned up @ http://localhost:3000/src/utils/log.ts:3
[ 1892577ms] [LOG] enableSamplePlayerMidi() -> MIDI enabled @ http://localhost:3000/src/utils/log.ts:3
[ 1892582ms] [INFO] AudioWorklet processors already initialized, skipping @ http://localhost:3000/@fs/Users/kristinnroachgunnarsson/Dev/kidlib/web-audio/dist/index.js?t=1788418260792:4803
[ 1893079ms] [LOG] Mapped CC15 to HPF @ http://localhost:3000/src/utils/log.ts:3
[ 1893079ms] [LOG] Mapped CC73 to LPF @ http://localhost:3000/src/utils/log.ts:3
[ 1940761ms] [LOG] enableSamplePlayerMidi() -> MIDI enabled @ http://localhost:3000/src/utils/log.ts:3
[ 1940790ms] [INFO] Audiolib: AudioWorklet module loaded. @ http://localhost:3000/@fs/Users/kristinnroachgunnarsson/Dev/kidlib/web-audio/dist/index.js?t=1788418260792:4820
[ 1941261ms] [LOG] Mapped CC15 to HPF @ http://localhost:3000/src/utils/log.ts:3
[ 1941261ms] [LOG] Mapped CC73 to LPF @ http://localhost:3000/src/utils/log.ts:3
[ 1947085ms] [INFO] Recorder state: ARMED @ http://localhost:3000/@fs/Users/kristinnroachgunnarsson/Dev/kidlib/web-audio/dist/index.js?t=1788418260792:5009
[ 1952144ms] [INFO] Recorder state: RECORDING @ http://localhost:3000/@fs/Users/kristinnroachgunnarsson/Dev/kidlib/web-audio/dist/index.js?t=1788418260792:5015
[ 1953388ms] [TABLE] {frequency: 258.83445126307697, confidence: 0.38819601932656783, targetNoteInfo: Object, playbackRateMultiplier: 1.0107833946520697, midiFloat: 59.81431357544633} @ http://localhost:3000/@fs/Users/kristinnroachgunnarsson/Dev/kidlib/web-audio/dist/index.js?t=1788418260792:1072
[ 1953474ms] [TABLE] {frequency: 258.83445126307697, confidence: 0.38819601932656783, targetNoteInfo: Object, playbackRateMultiplier: 1.0107833946520697, midiFloat: 59.81431357544633} @ http://localhost:3000/@fs/Users/kristinnroachgunnarsson/Dev/kidlib/web-audio/dist/index.js?t=1788418260792:1072
[ 1953481ms] [INFO] Recorder state: STOPPED @ http://localhost:3000/@fs/Users/kristinnroachgunnarsson/Dev/kidlib/web-audio/dist/index.js?t=1788418260792:5058
[ 1984347ms] [INFO] Recorder state: ARMED @ http://localhost:3000/@fs/Users/kristinnroachgunnarsson/Dev/kidlib/web-audio/dist/index.js?t=1788418260792:5009
[ 1989876ms] [INFO] Recorder state: RECORDING @ http://localhost:3000/@fs/Users/kristinnroachgunnarsson/Dev/kidlib/web-audio/dist/index.js?t=1788418260792:5015
[ 1991306ms] [TABLE] {frequency: 721.0796345285693, confidence: 0.44975584295001736, targetNoteInfo: Object, playbackRateMultiplier: 1.0262234710137974, midiFloat: 77.55186087289691} @ http://localhost:3000/@fs/Users/kristinnroachgunnarsson/Dev/kidlib/web-audio/dist/index.js?t=1788418260792:1072
[ 1991406ms] [TABLE] {frequency: 721.0796345285693, confidence: 0.44975584295001736, targetNoteInfo: Object, playbackRateMultiplier: 1.0262234710137974, midiFloat: 77.55186087289691} @ http://localhost:3000/@fs/Users/kristinnroachgunnarsson/Dev/kidlib/web-audio/dist/index.js?t=1788418260792:1072
[ 1991416ms] [INFO] Recorder state: STOPPED @ http://localhost:3000/@fs/Users/kristinnroachgunnarsson/Dev/kidlib/web-audio/dist/index.js?t=1788418260792:5058
[ 2033330ms] [INFO] Recorder state: ARMED @ http://localhost:3000/@fs/Users/kristinnroachgunnarsson/Dev/kidlib/web-audio/dist/index.js?t=1788418260792:5009
[ 2034010ms] [INFO] Recorder state: RECORDING @ http://localhost:3000/@fs/Users/kristinnroachgunnarsson/Dev/kidlib/web-audio/dist/index.js?t=1788418260792:5015
[ 2035325ms] [TABLE] {frequency: 992.5953906431163, confidence: 0.4846749393004838, targetNoteInfo: Object, playbackRateMultiplier: 0.9951351898503786, midiFloat: 83.08442677676555} @ http://localhost:3000/@fs/Users/kristinnroachgunnarsson/Dev/kidlib/web-audio/dist/index.js?t=1788418260792:1072
[ 2035474ms] [TABLE] {frequency: 992.5953906431163, confidence: 0.4846749393004838, targetNoteInfo: Object, playbackRateMultiplier: 0.9951351898503786, midiFloat: 83.08442677676555} @ http://localhost:3000/@fs/Users/kristinnroachgunnarsson/Dev/kidlib/web-audio/dist/index.js?t=1788418260792:1072
[ 2035481ms] [INFO] Recorder state: STOPPED @ http://localhost:3000/@fs/Users/kristinnroachgunnarsson/Dev/kidlib/web-audio/dist/index.js?t=1788418260792:5058
[ 2060365ms] [INFO] Recorder state: ARMED @ http://localhost:3000/@fs/Users/kristinnroachgunnarsson/Dev/kidlib/web-audio/dist/index.js?t=1788418260792:5009
[ 2060810ms] [INFO] Recorder state: RECORDING @ http://localhost:3000/@fs/Users/kristinnroachgunnarsson/Dev/kidlib/web-audio/dist/index.js?t=1788418260792:5015
[ 2062056ms] [TABLE] {frequency: 829.1234712465478, confidence: 0.46332427598494247, targetNoteInfo: Object, playbackRateMultiplier: 1.00179216240388, midiFloat: 79.96900124336305} @ http://localhost:3000/@fs/Users/kristinnroachgunnarsson/Dev/kidlib/web-audio/dist/index.js?t=1788418260792:1072
[ 2062149ms] [TABLE] {frequency: 829.1234712465478, confidence: 0.46332427598494247, targetNoteInfo: Object, playbackRateMultiplier: 1.00179216240388, midiFloat: 79.96900124336305} @ http://localhost:3000/@fs/Users/kristinnroachgunnarsson/Dev/kidlib/web-audio/dist/index.js?t=1788418260792:1072
[ 2062156ms] [INFO] Recorder state: STOPPED @ http://localhost:3000/@fs/Users/kristinnroachgunnarsson/Dev/kidlib/web-audio/dist/index.js?t=1788418260792:5058
[ 2093203ms] [INFO] Recorder state: ARMED @ http://localhost:3000/@fs/Users/kristinnroachgunnarsson/Dev/kidlib/web-audio/dist/index.js?t=1788418260792:5009
[ 2094045ms] [INFO] Recorder state: RECORDING @ http://localhost:3000/@fs/Users/kristinnroachgunnarsson/Dev/kidlib/web-audio/dist/index.js?t=1788418260792:5015
[ 2095418ms] [TABLE] {frequency: 300.1181958775228, confidence: 0.6018318505371635, targetNoteInfo: Object, playbackRateMultiplier: 0.9784970453349359, midiFloat: 62.376327204606184} @ http://localhost:3000/@fs/Users/kristinnroachgunnarsson/Dev/kidlib/web-audio/dist/index.js?t=1788418260792:1072
[ 2095522ms] [TABLE] {frequency: 300.1181958775228, confidence: 0.6018318505371635, targetNoteInfo: Object, playbackRateMultiplier: 0.9784970453349359, midiFloat: 62.376327204606184} @ http://localhost:3000/@fs/Users/kristinnroachgunnarsson/Dev/kidlib/web-audio/dist/index.js?t=1788418260792:1072
[ 2095532ms] [INFO] Recorder state: STOPPED @ http://localhost:3000/@fs/Users/kristinnroachgunnarsson/Dev/kidlib/web-audio/dist/index.js?t=1788418260792:5058
[ 2106032ms] [INFO] Recorder state: ARMED @ http://localhost:3000/@fs/Users/kristinnroachgunnarsson/Dev/kidlib/web-audio/dist/index.js?t=1788418260792:5009
[ 2107294ms] [INFO] Recorder state: RECORDING @ http://localhost:3000/@fs/Users/kristinnroachgunnarsson/Dev/kidlib/web-audio/dist/index.js?t=1788418260792:5015
[ 2109332ms] [TABLE] {frequency: 316.90034526152857, confidence: 0.7661038202401256, targetNoteInfo: Object, playbackRateMultiplier: 0.9817817757986882, midiFloat: 63.318308493371426} @ http://localhost:3000/@fs/Users/kristinnroachgunnarsson/Dev/kidlib/web-audio/dist/index.js?t=1788418260792:1072
[ 2109477ms] [TABLE] {frequency: 316.90034526152857, confidence: 0.7661038202401256, targetNoteInfo: Object, playbackRateMultiplier: 0.9817817757986882, midiFloat: 63.318308493371426} @ http://localhost:3000/@fs/Users/kristinnroachgunnarsson/Dev/kidlib/web-audio/dist/index.js?t=1788418260792:1072
[ 2109487ms] [INFO] Recorder state: STOPPED @ http://localhost:3000/@fs/Users/kristinnroachgunnarsson/Dev/kidlib/web-audio/dist/index.js?t=1788418260792:5058
[ 2131150ms] [INFO] Recorder state: ARMED @ http://localhost:3000/@fs/Users/kristinnroachgunnarsson/Dev/kidlib/web-audio/dist/index.js?t=1788418260792:5009
[ 2132110ms] [INFO] Recorder state: RECORDING @ http://localhost:3000/@fs/Users/kristinnroachgunnarsson/Dev/kidlib/web-audio/dist/index.js?t=1788418260792:5015
[ 2133729ms] [TABLE] {frequency: 296.09320273014185, confidence: 0.9642487099388126, targetNoteInfo: Object, playbackRateMultiplier: 0.9917984108032782, midiFloat: 62.14257417463824} @ http://localhost:3000/@fs/Users/kristinnroachgunnarsson/Dev/kidlib/web-audio/dist/index.js?t=1788418260792:1072
[ 2133843ms] [TABLE] {frequency: 296.09320273014185, confidence: 0.9642487099388126, targetNoteInfo: Object, playbackRateMultiplier: 0.9917984108032782, midiFloat: 62.14257417463824} @ http://localhost:3000/@fs/Users/kristinnroachgunnarsson/Dev/kidlib/web-audio/dist/index.js?t=1788418260792:1072
[ 2133850ms] [INFO] Recorder state: STOPPED @ http://localhost:3000/@fs/Users/kristinnroachgunnarsson/Dev/kidlib/web-audio/dist/index.js?t=1788418260792:5058
[ 2296279ms] [LOG] enableSamplePlayerMidi() -> MIDI enabled @ http://localhost:3000/src/utils/log.ts:3
[ 2296293ms] [INFO] Audiolib: AudioWorklet module loaded. @ http://localhost:3000/@fs/Users/kristinnroachgunnarsson/Dev/kidlib/web-audio/dist/index.js?t=1788418260792:4820
[ 2296780ms] [LOG] Mapped CC15 to HPF @ http://localhost:3000/src/utils/log.ts:3
[ 2296780ms] [LOG] Mapped CC73 to LPF @ http://localhost:3000/src/utils/log.ts:3
[ 2310380ms] [INFO] Recorder state: ARMED @ http://localhost:3000/@fs/Users/kristinnroachgunnarsson/Dev/kidlib/web-audio/dist/index.js?t=1788418260792:5009
[ 2311879ms] [INFO] Recorder state: RECORDING @ http://localhost:3000/@fs/Users/kristinnroachgunnarsson/Dev/kidlib/web-audio/dist/index.js?t=1788418260792:5015
[ 2313717ms] [TABLE] {frequency: 68.24113145128256, confidence: 0.30276855617422715, targetNoteInfo: Object, playbackRateMultiplier: 1.0154529426829373, midiFloat: 36.73451938059182} @ http://localhost:3000/@fs/Users/kristinnroachgunnarsson/Dev/kidlib/web-audio/dist/index.js?t=1788418260792:1072
[ 2313849ms] [TABLE] {frequency: 68.24113145128256, confidence: 0.30276855617422715, targetNoteInfo: Object, playbackRateMultiplier: 1.0154529426829373, midiFloat: 36.73451938059182} @ http://localhost:3000/@fs/Users/kristinnroachgunnarsson/Dev/kidlib/web-audio/dist/index.js?t=1788418260792:1072
[ 2313860ms] [INFO] Recorder state: STOPPED @ http://localhost:3000/@fs/Users/kristinnroachgunnarsson/Dev/kidlib/web-audio/dist/index.js?t=1788418260792:5058
[ 3200961ms] [LOG] enableSamplePlayerMidi() -> MIDI enabled @ http://localhost:3000/src/utils/log.ts:3
[ 3200973ms] [INFO] Audiolib: AudioWorklet module loaded. @ http://localhost:3000/@fs/Users/kristinnroachgunnarsson/Dev/kidlib/web-audio/dist/index.js?t=1788418260792:4820
[ 3201462ms] [LOG] Mapped CC15 to HPF @ http://localhost:3000/src/utils/log.ts:3
[ 3201462ms] [LOG] Mapped CC73 to LPF @ http://localhost:3000/src/utils/log.ts:3
[ 3227418ms] [LOG] enableSamplePlayerMidi() -> MIDI enabled @ http://localhost:3000/src/utils/log.ts:3
[ 3227440ms] [INFO] Audiolib: AudioWorklet module loaded. @ http://localhost:3000/@fs/Users/kristinnroachgunnarsson/Dev/kidlib/web-audio/dist/index.js?t=1788418260792:4820
[ 3227919ms] [LOG] Mapped CC15 to HPF @ http://localhost:3000/src/utils/log.ts:3
[ 3227919ms] [LOG] Mapped CC73 to LPF @ http://localhost:3000/src/utils/log.ts:3
[ 3236991ms] [INFO] Recorder state: ARMED @ http://localhost:3000/@fs/Users/kristinnroachgunnarsson/Dev/kidlib/web-audio/dist/index.js?t=1788418260792:5009
[ 3238307ms] [INFO] Recorder state: RECORDING @ http://localhost:3000/@fs/Users/kristinnroachgunnarsson/Dev/kidlib/web-audio/dist/index.js?t=1788418260792:5015
[ 3239678ms] [TABLE] {frequency: 61.09384308877255, confidence: 0.22400840769233962, targetNoteInfo: Object, playbackRateMultiplier: 1.0105013784664145, midiFloat: 34.819144522897716} @ http://localhost:3000/@fs/Users/kristinnroachgunnarsson/Dev/kidlib/web-audio/dist/index.js?t=1788418260792:1072
[ 3239777ms] [TABLE] {frequency: 61.09384308877255, confidence: 0.22400840769233962, targetNoteInfo: Object, playbackRateMultiplier: 1.0105013784664145, midiFloat: 34.819144522897716} @ http://localhost:3000/@fs/Users/kristinnroachgunnarsson/Dev/kidlib/web-audio/dist/index.js?t=1788418260792:1072
[ 3239786ms] [LOG] Loop end line out of bounds @ http://localhost:3000/src/utils/log.ts:3
[ 3239786ms] [LOG] Loop end line out of bounds @ http://localhost:3000/src/utils/log.ts:3
[ 3239786ms] [LOG] Loop end line out of bounds @ http://localhost:3000/src/utils/log.ts:3
[ 3239786ms] [LOG] Loop end line out of bounds @ http://localhost:3000/src/utils/log.ts:3
[ 3239786ms] [LOG] Loop end line out of bounds @ http://localhost:3000/src/utils/log.ts:3
[ 3239786ms] [LOG] Loop end line out of bounds @ http://localhost:3000/src/utils/log.ts:3
[ 3239787ms] [LOG] Loop end line out of bounds @ http://localhost:3000/src/utils/log.ts:3
[ 3239787ms] [LOG] Loop end line out of bounds @ http://localhost:3000/src/utils/log.ts:3
[ 3239787ms] [LOG] Loop end line out of bounds @ http://localhost:3000/src/utils/log.ts:3
[ 3239787ms] [INFO] Recorder state: STOPPED @ http://localhost:3000/@fs/Users/kristinnroachgunnarsson/Dev/kidlib/web-audio/dist/index.js?t=1788418260792:5058
[ 3350670ms] [INFO] Recorder state: ARMED @ http://localhost:3000/@fs/Users/kristinnroachgunnarsson/Dev/kidlib/web-audio/dist/index.js?t=1788418260792:5009
[ 3353728ms] [INFO] Recorder state: RECORDING @ http://localhost:3000/@fs/Users/kristinnroachgunnarsson/Dev/kidlib/web-audio/dist/index.js?t=1788418260792:5015
[ 3355495ms] [TABLE] {frequency: 677.708589702741, confidence: 0.35558537324173206, targetNoteInfo: Object, playbackRateMultiplier: 0.9727707806018877, midiFloat: 76.47793840125377} @ http://localhost:3000/@fs/Users/kristinnroachgunnarsson/Dev/kidlib/web-audio/dist/index.js?t=1788418260792:1072
[ 3355620ms] [TABLE] {frequency: 677.708589702741, confidence: 0.35558537324173206, targetNoteInfo: Object, playbackRateMultiplier: 0.9727707806018877, midiFloat: 76.47793840125377} @ http://localhost:3000/@fs/Users/kristinnroachgunnarsson/Dev/kidlib/web-audio/dist/index.js?t=1788418260792:1072
[ 3355636ms] [INFO] Recorder state: STOPPED @ http://localhost:3000/@fs/Users/kristinnroachgunnarsson/Dev/kidlib/web-audio/dist/index.js?t=1788418260792:5058
[ 4018607ms] [LOG] MIDI disabled and cleaned up @ http://localhost:3000/src/utils/log.ts:3
[ 4018662ms] [LOG] enableSamplePlayerMidi() -> MIDI enabled @ http://localhost:3000/src/utils/log.ts:3
[ 4018727ms] [LOG] MIDI disabled and cleaned up @ http://localhost:3000/src/utils/log.ts:3
[ 4018736ms] [LOG] enableSamplePlayerMidi() -> MIDI enabled @ http://localhost:3000/src/utils/log.ts:3
[ 4018747ms] [INFO] Audiolib: AudioWorklet module loaded. @ http://localhost:3000/@fs/Users/kristinnroachgunnarsson/Dev/kidlib/web-audio/dist/index.js?t=1788420386727:4820
[ 4018750ms] [INFO] AudioWorklet processors already initialized, skipping @ http://localhost:3000/@fs/Users/kristinnroachgunnarsson/Dev/kidlib/web-audio/dist/index.js?t=1788420386727:4803
[ 4018762ms] [LOG] MIDI disabled and cleaned up @ http://localhost:3000/src/utils/log.ts:3
[ 4018769ms] [LOG] enableSamplePlayerMidi() -> MIDI enabled @ http://localhost:3000/src/utils/log.ts:3
[ 4018860ms] [INFO] AudioWorklet processors already initialized, skipping @ http://localhost:3000/@fs/Users/kristinnroachgunnarsson/Dev/kidlib/web-audio/dist/index.js?t=1788420386727:4803
[ 4019272ms] [LOG] Mapped CC15 to HPF @ http://localhost:3000/src/utils/log.ts:3
[ 4019272ms] [LOG] Mapped CC73 to LPF @ http://localhost:3000/src/utils/log.ts:3
[ 4588232ms] [LOG] MIDI disabled and cleaned up @ http://localhost:3000/src/utils/log.ts:3
[ 4588282ms] [LOG] enableSamplePlayerMidi() -> MIDI enabled @ http://localhost:3000/src/utils/log.ts:3
[ 4588426ms] [LOG] MIDI disabled and cleaned up @ http://localhost:3000/src/utils/log.ts:3
[ 4588443ms] [LOG] enableSamplePlayerMidi() -> MIDI enabled @ http://localhost:3000/src/utils/log.ts:3
[ 4588487ms] [INFO] Audiolib: AudioWorklet module loaded. @ http://localhost:3000/@fs/Users/kristinnroachgunnarsson/Dev/kidlib/web-audio/dist/index.js?t=1788420955952:4820
[ 4588493ms] [INFO] Audiolib: AudioWorklet module loaded. @ http://localhost:3000/@fs/Users/kristinnroachgunnarsson/Dev/kidlib/web-audio/dist/index.js?t=1788420955952:4820
[ 4588945ms] [LOG] Mapped CC15 to HPF @ http://localhost:3000/src/utils/log.ts:3
[ 4588947ms] [LOG] Mapped CC73 to LPF @ http://localhost:3000/src/utils/log.ts:3
[ 4589050ms] [LOG] MIDI disabled and cleaned up @ http://localhost:3000/src/utils/log.ts:3
[ 4589063ms] [LOG] enableSamplePlayerMidi() -> MIDI enabled @ http://localhost:3000/src/utils/log.ts:3
[ 4589070ms] [INFO] AudioWorklet processors already initialized, skipping @ http://localhost:3000/@fs/Users/kristinnroachgunnarsson/Dev/kidlib/web-audio/dist/index.js?t=1788420955952:4803
[ 4589388ms] [LOG] MIDI disabled and cleaned up @ http://localhost:3000/src/utils/log.ts:3
[ 4589403ms] [LOG] enableSamplePlayerMidi() -> MIDI enabled @ http://localhost:3000/src/utils/log.ts:3
[ 4589412ms] [INFO] AudioWorklet processors already initialized, skipping @ http://localhost:3000/@fs/Users/kristinnroachgunnarsson/Dev/kidlib/web-audio/dist/index.js?t=1788420955952:4803
[ 4589471ms] [LOG] MIDI disabled and cleaned up @ http://localhost:3000/src/utils/log.ts:3
[ 4589478ms] [LOG] enableSamplePlayerMidi() -> MIDI enabled @ http://localhost:3000/src/utils/log.ts:3
[ 4589488ms] [INFO] AudioWorklet processors already initialized, skipping @ http://localhost:3000/@fs/Users/kristinnroachgunnarsson/Dev/kidlib/web-audio/dist/index.js?t=1788420955952:4803
[ 4589579ms] [LOG] MIDI disabled and cleaned up @ http://localhost:3000/src/utils/log.ts:3
[ 4589587ms] [LOG] enableSamplePlayerMidi() -> MIDI enabled @ http://localhost:3000/src/utils/log.ts:3
[ 4589592ms] [INFO] AudioWorklet processors already initialized, skipping @ http://localhost:3000/@fs/Users/kristinnroachgunnarsson/Dev/kidlib/web-audio/dist/index.js?t=1788420955952:4803
[ 4590089ms] [LOG] Mapped CC15 to HPF @ http://localhost:3000/src/utils/log.ts:3
[ 4590089ms] [LOG] Mapped CC73 to LPF @ http://localhost:3000/src/utils/log.ts:3
[ 4594533ms] [LOG] MIDI disabled and cleaned up @ http://localhost:3000/src/utils/log.ts:3
[ 4594547ms] [LOG] enableSamplePlayerMidi() -> MIDI enabled @ http://localhost:3000/src/utils/log.ts:3
[ 4594618ms] [INFO] Audiolib: AudioWorklet module loaded. @ http://localhost:3000/@fs/Users/kristinnroachgunnarsson/Dev/kidlib/web-audio/dist/index.js?t=1788420962518:4820
[ 4595049ms] [LOG] Mapped CC15 to HPF @ http://localhost:3000/src/utils/log.ts:3
[ 4595049ms] [LOG] Mapped CC73 to LPF @ http://localhost:3000/src/utils/log.ts:3
[ 4595391ms] [LOG] MIDI disabled and cleaned up @ http://localhost:3000/src/utils/log.ts:3
[ 4595403ms] [LOG] enableSamplePlayerMidi() -> MIDI enabled @ http://localhost:3000/src/utils/log.ts:3
[ 4595461ms] [INFO] Audiolib: AudioWorklet module loaded. @ http://localhost:3000/@fs/Users/kristinnroachgunnarsson/Dev/kidlib/web-audio/dist/index.js?t=1788420962814:4820
[ 4595905ms] [LOG] Mapped CC15 to HPF @ http://localhost:3000/src/utils/log.ts:3
[ 4595905ms] [LOG] Mapped CC73 to LPF @ http://localhost:3000/src/utils/log.ts:3
[ 4595955ms] [LOG] MIDI disabled and cleaned up @ http://localhost:3000/src/utils/log.ts:3
[ 4595965ms] [LOG] enableSamplePlayerMidi() -> MIDI enabled @ http://localhost:3000/src/utils/log.ts:3
[ 4595973ms] [INFO] AudioWorklet processors already initialized, skipping @ http://localhost:3000/@fs/Users/kristinnroachgunnarsson/Dev/kidlib/web-audio/dist/index.js?t=1788420962814:4803
[ 4596073ms] [LOG] MIDI disabled and cleaned up @ http://localhost:3000/src/utils/log.ts:3
[ 4596083ms] [LOG] enableSamplePlayerMidi() -> MIDI enabled @ http://localhost:3000/src/utils/log.ts:3
[ 4596092ms] [INFO] AudioWorklet processors already initialized, skipping @ http://localhost:3000/@fs/Users/kristinnroachgunnarsson/Dev/kidlib/web-audio/dist/index.js?t=1788420962814:4803
[ 4596171ms] [LOG] MIDI disabled and cleaned up @ http://localhost:3000/src/utils/log.ts:3
[ 4596182ms] [LOG] enableSamplePlayerMidi() -> MIDI enabled @ http://localhost:3000/src/utils/log.ts:3
[ 4596188ms] [INFO] AudioWorklet processors already initialized, skipping @ http://localhost:3000/@fs/Users/kristinnroachgunnarsson/Dev/kidlib/web-audio/dist/index.js?t=1788420962814:4803
[ 4596308ms] [LOG] MIDI disabled and cleaned up @ http://localhost:3000/src/utils/log.ts:3
[ 4596320ms] [LOG] enableSamplePlayerMidi() -> MIDI enabled @ http://localhost:3000/src/utils/log.ts:3
[ 4596326ms] [INFO] AudioWorklet processors already initialized, skipping @ http://localhost:3000/@fs/Users/kristinnroachgunnarsson/Dev/kidlib/web-audio/dist/index.js?t=1788420962814:4803
[ 4596454ms] [LOG] MIDI disabled and cleaned up @ http://localhost:3000/src/utils/log.ts:3
[ 4596463ms] [LOG] enableSamplePlayerMidi() -> MIDI enabled @ http://localhost:3000/src/utils/log.ts:3
[ 4596479ms] [INFO] AudioWorklet processors already initialized, skipping @ http://localhost:3000/@fs/Users/kristinnroachgunnarsson/Dev/kidlib/web-audio/dist/index.js?t=1788420962814:4803
[ 4596963ms] [LOG] Mapped CC15 to HPF @ http://localhost:3000/src/utils/log.ts:3
[ 4596963ms] [LOG] Mapped CC73 to LPF @ http://localhost:3000/src/utils/log.ts:3
[ 4901272ms] [LOG] MIDI disabled and cleaned up @ http://localhost:3000/src/utils/log.ts:3
[ 4901300ms] [LOG] enableSamplePlayerMidi() -> MIDI enabled @ http://localhost:3000/src/utils/log.ts:3
[ 4901371ms] [LOG] MIDI disabled and cleaned up @ http://localhost:3000/src/utils/log.ts:3
[ 4901383ms] [LOG] enableSamplePlayerMidi() -> MIDI enabled @ http://localhost:3000/src/utils/log.ts:3
[ 4901400ms] [INFO] Audiolib: AudioWorklet module loaded. @ http://localhost:3000/@fs/Users/kristinnroachgunnarsson/Dev/kidlib/web-audio/dist/index.js?t=1788421269016:4830
[ 4901402ms] [INFO] AudioWorklet processors already initialized, skipping @ http://localhost:3000/@fs/Users/kristinnroachgunnarsson/Dev/kidlib/web-audio/dist/index.js?t=1788421269016:4813
[ 4901766ms] [LOG] MIDI disabled and cleaned up @ http://localhost:3000/src/utils/log.ts:3
[ 4901774ms] [LOG] enableSamplePlayerMidi() -> MIDI enabled @ http://localhost:3000/src/utils/log.ts:3
[ 4901782ms] [INFO] AudioWorklet processors already initialized, skipping @ http://localhost:3000/@fs/Users/kristinnroachgunnarsson/Dev/kidlib/web-audio/dist/index.js?t=1788421269016:4813
[ 4902274ms] [LOG] Mapped CC15 to HPF @ http://localhost:3000/src/utils/log.ts:3
[ 4902274ms] [LOG] Mapped CC73 to LPF @ http://localhost:3000/src/utils/log.ts:3
[ 4925572ms] [LOG] MIDI disabled and cleaned up @ http://localhost:3000/src/utils/log.ts:3
[ 4925601ms] [LOG] enableSamplePlayerMidi() -> MIDI enabled @ http://localhost:3000/src/utils/log.ts:3
[ 4925679ms] [LOG] MIDI disabled and cleaned up @ http://localhost:3000/src/utils/log.ts:3
[ 4925691ms] [LOG] enableSamplePlayerMidi() -> MIDI enabled @ http://localhost:3000/src/utils/log.ts:3
[ 4925699ms] [INFO] Audiolib: AudioWorklet module loaded. @ http://localhost:3000/@fs/Users/kristinnroachgunnarsson/Dev/kidlib/web-audio/dist/index.js?t=1788421293233:4832
[ 4925705ms] [INFO] AudioWorklet processors already initialized, skipping @ http://localhost:3000/@fs/Users/kristinnroachgunnarsson/Dev/kidlib/web-audio/dist/index.js?t=1788421293233:4815
[ 4926054ms] [LOG] MIDI disabled and cleaned up @ http://localhost:3000/src/utils/log.ts:3
[ 4926064ms] [LOG] enableSamplePlayerMidi() -> MIDI enabled @ http://localhost:3000/src/utils/log.ts:3
[ 4926092ms] [INFO] AudioWorklet processors already initialized, skipping @ http://localhost:3000/@fs/Users/kristinnroachgunnarsson/Dev/kidlib/web-audio/dist/index.js?t=1788421293233:4815
[ 4926566ms] [LOG] Mapped CC15 to HPF @ http://localhost:3000/src/utils/log.ts:3
[ 4926566ms] [LOG] Mapped CC73 to LPF @ http://localhost:3000/src/utils/log.ts:3
[ 4952000ms] [LOG] MIDI disabled and cleaned up @ http://localhost:3000/src/utils/log.ts:3
[ 4952021ms] [LOG] enableSamplePlayerMidi() -> MIDI enabled @ http://localhost:3000/src/utils/log.ts:3
[ 4952108ms] [LOG] MIDI disabled and cleaned up @ http://localhost:3000/src/utils/log.ts:3
[ 4952115ms] [LOG] enableSamplePlayerMidi() -> MIDI enabled @ http://localhost:3000/src/utils/log.ts:3
[ 4952158ms] [LOG] MIDI disabled and cleaned up @ http://localhost:3000/src/utils/log.ts:3
[ 4952166ms] [LOG] enableSamplePlayerMidi() -> MIDI enabled @ http://localhost:3000/src/utils/log.ts:3
[ 4952624ms] [INFO] Audiolib: AudioWorklet module loaded. @ http://localhost:3000/@fs/Users/kristinnroachgunnarsson/Dev/kidlib/web-audio/dist/index.js?t=1788421319930:4832
[ 4952627ms] [INFO] Audiolib: AudioWorklet module loaded. @ http://localhost:3000/@fs/Users/kristinnroachgunnarsson/Dev/kidlib/web-audio/dist/index.js?t=1788421319930:4832
[ 4952629ms] [INFO] Audiolib: AudioWorklet module loaded. @ http://localhost:3000/@fs/Users/kristinnroachgunnarsson/Dev/kidlib/web-audio/dist/index.js?t=1788421319930:4832
[ 4952876ms] [LOG] Mapped CC15 to HPF @ http://localhost:3000/src/utils/log.ts:3
[ 4952876ms] [LOG] Mapped CC73 to LPF @ http://localhost:3000/src/utils/log.ts:3
[ 4953391ms] [LOG] MIDI disabled and cleaned up @ http://localhost:3000/src/utils/log.ts:3
[ 4953408ms] [LOG] enableSamplePlayerMidi() -> MIDI enabled @ http://localhost:3000/src/utils/log.ts:3
[ 4953588ms] [LOG] MIDI disabled and cleaned up @ http://localhost:3000/src/utils/log.ts:3
[ 4953598ms] [LOG] enableSamplePlayerMidi() -> MIDI enabled @ http://localhost:3000/src/utils/log.ts:3
[ 4953661ms] [LOG] MIDI disabled and cleaned up @ http://localhost:3000/src/utils/log.ts:3
[ 4953670ms] [LOG] enableSamplePlayerMidi() -> MIDI enabled @ http://localhost:3000/src/utils/log.ts:3
[ 4953857ms] [INFO] Audiolib: AudioWorklet module loaded. @ http://localhost:3000/@fs/Users/kristinnroachgunnarsson/Dev/kidlib/web-audio/dist/index.js?t=1788421321302:4832
[ 4953858ms] [INFO] Audiolib: AudioWorklet module loaded. @ http://localhost:3000/@fs/Users/kristinnroachgunnarsson/Dev/kidlib/web-audio/dist/index.js?t=1788421321302:4832
[ 4953860ms] [INFO] Audiolib: AudioWorklet module loaded. @ http://localhost:3000/@fs/Users/kristinnroachgunnarsson/Dev/kidlib/web-audio/dist/index.js?t=1788421321302:4832
[ 4954171ms] [LOG] Mapped CC15 to HPF @ http://localhost:3000/src/utils/log.ts:3
[ 4954171ms] [LOG] Mapped CC73 to LPF @ http://localhost:3000/src/utils/log.ts:3
[ 4965994ms] [LOG] MIDI disabled and cleaned up @ http://localhost:3000/src/utils/log.ts:3
[ 4966019ms] [LOG] enableSamplePlayerMidi() -> MIDI enabled @ http://localhost:3000/src/utils/log.ts:3
[ 4966140ms] [INFO] Audiolib: AudioWorklet module loaded. @ http://localhost:3000/@fs/Users/kristinnroachgunnarsson/Dev/kidlib/web-audio/dist/index.js?t=1788421333335:4832
[ 4966275ms] [LOG] MIDI disabled and cleaned up @ http://localhost:3000/src/utils/log.ts:3
[ 4966293ms] [LOG] enableSamplePlayerMidi() -> MIDI enabled @ http://localhost:3000/src/utils/log.ts:3
[ 4966389ms] [INFO] AudioWorklet processors already initialized, skipping @ http://localhost:3000/@fs/Users/kristinnroachgunnarsson/Dev/kidlib/web-audio/dist/index.js?t=1788421333335:4815
[ 4966564ms] [LOG] MIDI disabled and cleaned up @ http://localhost:3000/src/utils/log.ts:3
[ 4966574ms] [LOG] enableSamplePlayerMidi() -> MIDI enabled @ http://localhost:3000/src/utils/log.ts:3
[ 4966577ms] [INFO] AudioWorklet processors already initialized, skipping @ http://localhost:3000/@fs/Users/kristinnroachgunnarsson/Dev/kidlib/web-audio/dist/index.js?t=1788421333335:4815
[ 4967075ms] [LOG] Mapped CC15 to HPF @ http://localhost:3000/src/utils/log.ts:3
[ 4967075ms] [LOG] Mapped CC73 to LPF @ http://localhost:3000/src/utils/log.ts:3
[ 4968849ms] [LOG] MIDI disabled and cleaned up @ http://localhost:3000/src/utils/log.ts:3
[ 4968873ms] [LOG] enableSamplePlayerMidi() -> MIDI enabled @ http://localhost:3000/src/utils/log.ts:3
[ 4969048ms] [LOG] MIDI disabled and cleaned up @ http://localhost:3000/src/utils/log.ts:3
[ 4969063ms] [LOG] enableSamplePlayerMidi() -> MIDI enabled @ http://localhost:3000/src/utils/log.ts:3
[ 4969225ms] [LOG] MIDI disabled and cleaned up @ http://localhost:3000/src/utils/log.ts:3
[ 4969235ms] [LOG] enableSamplePlayerMidi() -> MIDI enabled @ http://localhost:3000/src/utils/log.ts:3
[ 4969460ms] [INFO] Audiolib: AudioWorklet module loaded. @ http://localhost:3000/@fs/Users/kristinnroachgunnarsson/Dev/kidlib/web-audio/dist/index.js?t=1788421337292:4832
[ 4969461ms] [INFO] Audiolib: AudioWorklet module loaded. @ http://localhost:3000/@fs/Users/kristinnroachgunnarsson/Dev/kidlib/web-audio/dist/index.js?t=1788421337292:4832
[ 4969461ms] [INFO] Audiolib: AudioWorklet module loaded. @ http://localhost:3000/@fs/Users/kristinnroachgunnarsson/Dev/kidlib/web-audio/dist/index.js?t=1788421337292:4832
[ 4969737ms] [LOG] Mapped CC15 to HPF @ http://localhost:3000/src/utils/log.ts:3
[ 4969737ms] [LOG] Mapped CC73 to LPF @ http://localhost:3000/src/utils/log.ts:3
[ 4973176ms] [LOG] MIDI disabled and cleaned up @ http://localhost:3000/src/utils/log.ts:3
[ 4973206ms] [LOG] enableSamplePlayerMidi() -> MIDI enabled @ http://localhost:3000/src/utils/log.ts:3
[ 4973329ms] [INFO] Audiolib: AudioWorklet module loaded. @ http://localhost:3000/@fs/Users/kristinnroachgunnarsson/Dev/kidlib/web-audio/dist/index.js?t=1788421341043:4832
[ 4973598ms] [LOG] MIDI disabled and cleaned up @ http://localhost:3000/src/utils/log.ts:3
[ 4973613ms] [LOG] enableSamplePlayerMidi() -> MIDI enabled @ http://localhost:3000/src/utils/log.ts:3
[ 4973624ms] [INFO] AudioWorklet processors already initialized, skipping @ http://localhost:3000/@fs/Users/kristinnroachgunnarsson/Dev/kidlib/web-audio/dist/index.js?t=1788421341043:4815
[ 4973822ms] [LOG] MIDI disabled and cleaned up @ http://localhost:3000/src/utils/log.ts:3
[ 4973837ms] [LOG] enableSamplePlayerMidi() -> MIDI enabled @ http://localhost:3000/src/utils/log.ts:3
[ 4973838ms] [INFO] AudioWorklet processors already initialized, skipping @ http://localhost:3000/@fs/Users/kristinnroachgunnarsson/Dev/kidlib/web-audio/dist/index.js?t=1788421341043:4815
[ 4974338ms] [LOG] Mapped CC15 to HPF @ http://localhost:3000/src/utils/log.ts:3
[ 4974338ms] [LOG] Mapped CC73 to LPF @ http://localhost:3000/src/utils/log.ts:3
[ 4979598ms] [LOG] MIDI disabled and cleaned up @ http://localhost:3000/src/utils/log.ts:3
[ 4979633ms] [LOG] enableSamplePlayerMidi() -> MIDI enabled @ http://localhost:3000/src/utils/log.ts:3
[ 4979699ms] [LOG] MIDI disabled and cleaned up @ http://localhost:3000/src/utils/log.ts:3
[ 4979713ms] [LOG] enableSamplePlayerMidi() -> MIDI enabled @ http://localhost:3000/src/utils/log.ts:3
[ 4979915ms] [LOG] MIDI disabled and cleaned up @ http://localhost:3000/src/utils/log.ts:3
[ 4979931ms] [LOG] enableSamplePlayerMidi() -> MIDI enabled @ http://localhost:3000/src/utils/log.ts:3
[ 4980173ms] [LOG] MIDI disabled and cleaned up @ http://localhost:3000/src/utils/log.ts:3
[ 4980184ms] [LOG] enableSamplePlayerMidi() -> MIDI enabled @ http://localhost:3000/src/utils/log.ts:3
[ 4980267ms] [INFO] Audiolib: AudioWorklet module loaded. @ http://localhost:3000/@fs/Users/kristinnroachgunnarsson/Dev/kidlib/web-audio/dist/index.js?t=1788421347438:4832
[ 4980268ms] [INFO] Audiolib: AudioWorklet module loaded. @ http://localhost:3000/@fs/Users/kristinnroachgunnarsson/Dev/kidlib/web-audio/dist/index.js?t=1788421347438:4832
[ 4980272ms] [INFO] Audiolib: AudioWorklet module loaded. @ http://localhost:3000/@fs/Users/kristinnroachgunnarsson/Dev/kidlib/web-audio/dist/index.js?t=1788421347438:4832
[ 4980273ms] [INFO] Audiolib: AudioWorklet module loaded. @ http://localhost:3000/@fs/Users/kristinnroachgunnarsson/Dev/kidlib/web-audio/dist/index.js?t=1788421347438:4832
[ 4980801ms] [LOG] Mapped CC15 to HPF @ http://localhost:3000/src/utils/log.ts:3
[ 4980802ms] [LOG] Mapped CC73 to LPF @ http://localhost:3000/src/utils/log.ts:3
[ 4980823ms] [LOG] MIDI disabled and cleaned up @ http://localhost:3000/src/utils/log.ts:3
[ 4980834ms] [LOG] enableSamplePlayerMidi() -> MIDI enabled @ http://localhost:3000/src/utils/log.ts:3
[ 4980914ms] [INFO] AudioWorklet processors already initialized, skipping @ http://localhost:3000/@fs/Users/kristinnroachgunnarsson/Dev/kidlib/web-audio/dist/index.js?t=1788421347438:4815
[ 4981216ms] [LOG] MIDI disabled and cleaned up @ http://localhost:3000/src/utils/log.ts:3
[ 4981233ms] [LOG] enableSamplePlayerMidi() -> MIDI enabled @ http://localhost:3000/src/utils/log.ts:3
[ 4981241ms] [INFO] AudioWorklet processors already initialized, skipping @ http://localhost:3000/@fs/Users/kristinnroachgunnarsson/Dev/kidlib/web-audio/dist/index.js?t=1788421347438:4815
[ 4981735ms] [LOG] Mapped CC15 to HPF @ http://localhost:3000/src/utils/log.ts:3
[ 4981735ms] [LOG] Mapped CC73 to LPF @ http://localhost:3000/src/utils/log.ts:3
[ 5680584ms] [LOG] MIDI disabled and cleaned up @ http://localhost:3000/src/utils/log.ts:3
[ 5680665ms] [LOG] enableSamplePlayerMidi() -> MIDI enabled @ http://localhost:3000/src/utils/log.ts:3
[ 5680804ms] [INFO] Audiolib: AudioWorklet module loaded. @ http://localhost:3000/@fs/Users/kristinnroachgunnarsson/Dev/kidlib/web-audio/dist/index.js?t=1788422047530:4832
[ 5681171ms] [LOG] MIDI disabled and cleaned up @ http://localhost:3000/src/utils/log.ts:3
[ 5681210ms] [LOG] enableSamplePlayerMidi() -> MIDI enabled @ http://localhost:3000/src/utils/log.ts:3
[ 5681327ms] [INFO] AudioWorklet processors already initialized, skipping @ http://localhost:3000/@fs/Users/kristinnroachgunnarsson/Dev/kidlib/web-audio/dist/index.js?t=1788422047530:4815
[ 5681468ms] [LOG] MIDI disabled and cleaned up @ http://localhost:3000/src/utils/log.ts:3
[ 5681479ms] [LOG] enableSamplePlayerMidi() -> MIDI enabled @ http://localhost:3000/src/utils/log.ts:3
[ 5681482ms] [INFO] AudioWorklet processors already initialized, skipping @ http://localhost:3000/@fs/Users/kristinnroachgunnarsson/Dev/kidlib/web-audio/dist/index.js?t=1788422047530:4815
[ 5681982ms] [LOG] Mapped CC15 to HPF @ http://localhost:3000/src/utils/log.ts:3
[ 5681982ms] [LOG] Mapped CC73 to LPF @ http://localhost:3000/src/utils/log.ts:3
[ 5689171ms] [LOG] MIDI disabled and cleaned up @ http://localhost:3000/src/utils/log.ts:3
[ 5689191ms] [LOG] enableSamplePlayerMidi() -> MIDI enabled @ http://localhost:3000/src/utils/log.ts:3
[ 5689241ms] [INFO] Audiolib: AudioWorklet module loaded. @ http://localhost:3000/@fs/Users/kristinnroachgunnarsson/Dev/kidlib/web-audio/dist/index.js?t=1788422056759:4832
[ 5689386ms] [LOG] MIDI disabled and cleaned up @ http://localhost:3000/src/utils/log.ts:3
[ 5689397ms] [LOG] enableSamplePlayerMidi() -> MIDI enabled @ http://localhost:3000/src/utils/log.ts:3
[ 5689443ms] [INFO] AudioWorklet processors already initialized, skipping @ http://localhost:3000/@fs/Users/kristinnroachgunnarsson/Dev/kidlib/web-audio/dist/index.js?t=1788422056759:4815
[ 5689899ms] [LOG] Mapped CC15 to HPF @ http://localhost:3000/src/utils/log.ts:3
[ 5689899ms] [LOG] Mapped CC73 to LPF @ http://localhost:3000/src/utils/log.ts:3
[ 5690241ms] [LOG] MIDI disabled and cleaned up @ http://localhost:3000/src/utils/log.ts:3
[ 5690254ms] [LOG] enableSamplePlayerMidi() -> MIDI enabled @ http://localhost:3000/src/utils/log.ts:3
[ 5690269ms] [INFO] AudioWorklet processors already initialized, skipping @ http://localhost:3000/@fs/Users/kristinnroachgunnarsson/Dev/kidlib/web-audio/dist/index.js?t=1788422056759:4815
[ 5690756ms] [LOG] Mapped CC15 to HPF @ http://localhost:3000/src/utils/log.ts:3
[ 5690756ms] [LOG] Mapped CC73 to LPF @ http://localhost:3000/src/utils/log.ts:3
[ 5694686ms] [LOG] MIDI disabled and cleaned up @ http://localhost:3000/src/utils/log.ts:3
[ 5694707ms] [LOG] enableSamplePlayerMidi() -> MIDI enabled @ http://localhost:3000/src/utils/log.ts:3
[ 5694776ms] [INFO] Audiolib: AudioWorklet module loaded. @ http://localhost:3000/@fs/Users/kristinnroachgunnarsson/Dev/kidlib/web-audio/dist/index.js?t=1788422062414:4832
[ 5695167ms] [LOG] MIDI disabled and cleaned up @ http://localhost:3000/src/utils/log.ts:3
[ 5695179ms] [LOG] enableSamplePlayerMidi() -> MIDI enabled @ http://localhost:3000/src/utils/log.ts:3
[ 5695194ms] [INFO] AudioWorklet processors already initialized, skipping @ http://localhost:3000/@fs/Users/kristinnroachgunnarsson/Dev/kidlib/web-audio/dist/index.js?t=1788422062414:4815
[ 5695290ms] [LOG] MIDI disabled and cleaned up @ http://localhost:3000/src/utils/log.ts:3
[ 5695300ms] [LOG] enableSamplePlayerMidi() -> MIDI enabled @ http://localhost:3000/src/utils/log.ts:3
[ 5695301ms] [INFO] AudioWorklet processors already initialized, skipping @ http://localhost:3000/@fs/Users/kristinnroachgunnarsson/Dev/kidlib/web-audio/dist/index.js?t=1788422062414:4815
[ 5695802ms] [LOG] Mapped CC15 to HPF @ http://localhost:3000/src/utils/log.ts:3
[ 5695802ms] [LOG] Mapped CC73 to LPF @ http://localhost:3000/src/utils/log.ts:3
[ 5734429ms] [LOG] MIDI disabled and cleaned up @ http://localhost:3000/src/utils/log.ts:3
[ 5734452ms] [LOG] enableSamplePlayerMidi() -> MIDI enabled @ http://localhost:3000/src/utils/log.ts:3
[ 5734579ms] [INFO] Audiolib: AudioWorklet module loaded. @ http://localhost:3000/@fs/Users/kristinnroachgunnarsson/Dev/kidlib/web-audio/dist/index.js?t=1788422101875:4832
[ 5734822ms] [LOG] MIDI disabled and cleaned up @ http://localhost:3000/src/utils/log.ts:3
[ 5734832ms] [LOG] enableSamplePlayerMidi() -> MIDI enabled @ http://localhost:3000/src/utils/log.ts:3
[ 5734839ms] [INFO] AudioWorklet processors already initialized, skipping @ http://localhost:3000/@fs/Users/kristinnroachgunnarsson/Dev/kidlib/web-audio/dist/index.js?t=1788422101875:4815
[ 5734954ms] [LOG] MIDI disabled and cleaned up @ http://localhost:3000/src/utils/log.ts:3
[ 5734963ms] [LOG] enableSamplePlayerMidi() -> MIDI enabled @ http://localhost:3000/src/utils/log.ts:3
[ 5735009ms] [INFO] AudioWorklet processors already initialized, skipping @ http://localhost:3000/@fs/Users/kristinnroachgunnarsson/Dev/kidlib/web-audio/dist/index.js?t=1788422101875:4815
[ 5735465ms] [LOG] Mapped CC15 to HPF @ http://localhost:3000/src/utils/log.ts:3
[ 5735465ms] [LOG] Mapped CC73 to LPF @ http://localhost:3000/src/utils/log.ts:3
[ 6201456ms] [LOG] MIDI disabled and cleaned up @ http://localhost:3000/src/utils/log.ts:3
[ 6201476ms] [LOG] enableSamplePlayerMidi() -> MIDI enabled @ http://localhost:3000/src/utils/log.ts:3
[ 6201638ms] [LOG] MIDI disabled and cleaned up @ http://localhost:3000/src/utils/log.ts:3
[ 6201649ms] [LOG] enableSamplePlayerMidi() -> MIDI enabled @ http://localhost:3000/src/utils/log.ts:3
[ 6201718ms] [INFO] Audiolib: AudioWorklet module loaded. @ http://localhost:3000/@fs/Users/kristinnroachgunnarsson/Dev/kidlib/web-audio/dist/index.js?t=1788422567844:4827
[ 6201721ms] [INFO] Audiolib: AudioWorklet module loaded. @ http://localhost:3000/@fs/Users/kristinnroachgunnarsson/Dev/kidlib/web-audio/dist/index.js?t=1788422567844:4827
[ 6201725ms] [LOG] MIDI disabled and cleaned up @ http://localhost:3000/src/utils/log.ts:3
[ 6201738ms] [LOG] enableSamplePlayerMidi() -> MIDI enabled @ http://localhost:3000/src/utils/log.ts:3
[ 6201883ms] [INFO] AudioWorklet processors already initialized, skipping @ http://localhost:3000/@fs/Users/kristinnroachgunnarsson/Dev/kidlib/web-audio/dist/index.js?t=1788422567844:4810
[ 6202241ms] [LOG] Mapped CC15 to HPF @ http://localhost:3000/src/utils/log.ts:3
[ 6202241ms] [LOG] Mapped CC73 to LPF @ http://localhost:3000/src/utils/log.ts:3
[ 6205413ms] [LOG] MIDI disabled and cleaned up @ http://localhost:3000/src/utils/log.ts:3
[ 6205448ms] [LOG] enableSamplePlayerMidi() -> MIDI enabled @ http://localhost:3000/src/utils/log.ts:3
[ 6205716ms] [LOG] MIDI disabled and cleaned up @ http://localhost:3000/src/utils/log.ts:3
[ 6205725ms] [LOG] enableSamplePlayerMidi() -> MIDI enabled @ http://localhost:3000/src/utils/log.ts:3
[ 6205800ms] [INFO] Audiolib: AudioWorklet module loaded. @ http://localhost:3000/@fs/Users/kristinnroachgunnarsson/Dev/kidlib/web-audio/dist/index.js?t=1788422573219:4827
[ 6205823ms] [INFO] Audiolib: AudioWorklet module loaded. @ http://localhost:3000/@fs/Users/kristinnroachgunnarsson/Dev/kidlib/web-audio/dist/index.js?t=1788422573219:4827
[ 6205991ms] [LOG] MIDI disabled and cleaned up @ http://localhost:3000/src/utils/log.ts:3
[ 6206004ms] [LOG] enableSamplePlayerMidi() -> MIDI enabled @ http://localhost:3000/src/utils/log.ts:3
[ 6206037ms] [INFO] AudioWorklet processors already initialized, skipping @ http://localhost:3000/@fs/Users/kristinnroachgunnarsson/Dev/kidlib/web-audio/dist/index.js?t=1788422573219:4810
[ 6206505ms] [LOG] Mapped CC15 to HPF @ http://localhost:3000/src/utils/log.ts:3
[ 6206506ms] [LOG] Mapped CC73 to LPF @ http://localhost:3000/src/utils/log.ts:3
[ 6213032ms] [LOG] MIDI disabled and cleaned up @ http://localhost:3000/src/utils/log.ts:3
[ 6213073ms] [LOG] enableSamplePlayerMidi() -> MIDI enabled @ http://localhost:3000/src/utils/log.ts:3
[ 6213136ms] [INFO] Audiolib: AudioWorklet module loaded. @ http://localhost:3000/@fs/Users/kristinnroachgunnarsson/Dev/kidlib/web-audio/dist/index.js?t=1788422580496:4832
[ 6213331ms] [LOG] MIDI disabled and cleaned up @ http://localhost:3000/src/utils/log.ts:3
[ 6213347ms] [LOG] enableSamplePlayerMidi() -> MIDI enabled @ http://localhost:3000/src/utils/log.ts:3
[ 6213401ms] [INFO] AudioWorklet processors already initialized, skipping @ http://localhost:3000/@fs/Users/kristinnroachgunnarsson/Dev/kidlib/web-audio/dist/index.js?t=1788422580496:4815
[ 6213848ms] [LOG] Mapped CC15 to HPF @ http://localhost:3000/src/utils/log.ts:3
[ 6213848ms] [LOG] Mapped CC73 to LPF @ http://localhost:3000/src/utils/log.ts:3
[ 6213951ms] [LOG] MIDI disabled and cleaned up @ http://localhost:3000/src/utils/log.ts:3
[ 6213969ms] [LOG] enableSamplePlayerMidi() -> MIDI enabled @ http://localhost:3000/src/utils/log.ts:3
[ 6213976ms] [INFO] AudioWorklet processors already initialized, skipping @ http://localhost:3000/@fs/Users/kristinnroachgunnarsson/Dev/kidlib/web-audio/dist/index.js?t=1788422580496:4815
[ 6214469ms] [LOG] Mapped CC15 to HPF @ http://localhost:3000/src/utils/log.ts:3
[ 6214470ms] [LOG] Mapped CC73 to LPF @ http://localhost:3000/src/utils/log.ts:3
[ 7638966ms] [LOG] MIDI disabled and cleaned up @ http://localhost:3000/src/utils/log.ts:3
[ 7639035ms] [LOG] enableSamplePlayerMidi() -> MIDI enabled @ http://localhost:3000/src/utils/log.ts:3
[ 7639156ms] [LOG] MIDI disabled and cleaned up @ http://localhost:3000/src/utils/log.ts:3
[ 7639173ms] [LOG] enableSamplePlayerMidi() -> MIDI enabled @ http://localhost:3000/src/utils/log.ts:3
[ 7639271ms] [LOG] MIDI disabled and cleaned up @ http://localhost:3000/src/utils/log.ts:3
[ 7639286ms] [LOG] enableSamplePlayerMidi() -> MIDI enabled @ http://localhost:3000/src/utils/log.ts:3
[ 7639288ms] [INFO] Audiolib: AudioWorklet module loaded. @ http://localhost:3000/@fs/Users/kristinnroachgunnarsson/Dev/kidlib/web-audio/dist/index.js?t=1788424005713:4830
[ 7639308ms] [INFO] Audiolib: AudioWorklet module loaded. @ http://localhost:3000/@fs/Users/kristinnroachgunnarsson/Dev/kidlib/web-audio/dist/index.js?t=1788424005713:4830
[ 7639309ms] [INFO] AudioWorklet processors already initialized, skipping @ http://localhost:3000/@fs/Users/kristinnroachgunnarsson/Dev/kidlib/web-audio/dist/index.js?t=1788424005713:4813
[ 7639788ms] [LOG] Mapped CC15 to HPF @ http://localhost:3000/src/utils/log.ts:3
[ 7639788ms] [LOG] Mapped CC73 to LPF @ http://localhost:3000/src/utils/log.ts:3
[ 7644709ms] [LOG] MIDI disabled and cleaned up @ http://localhost:3000/src/utils/log.ts:3
[ 7644735ms] [LOG] enableSamplePlayerMidi() -> MIDI enabled @ http://localhost:3000/src/utils/log.ts:3
[ 7644879ms] [LOG] MIDI disabled and cleaned up @ http://localhost:3000/src/utils/log.ts:3
[ 7644912ms] [LOG] enableSamplePlayerMidi() -> MIDI enabled @ http://localhost:3000/src/utils/log.ts:3
[ 7644978ms] [INFO] Audiolib: AudioWorklet module loaded. @ http://localhost:3000/@fs/Users/kristinnroachgunnarsson/Dev/kidlib/web-audio/dist/index.js?t=1788424012130:4830
[ 7644981ms] [INFO] Audiolib: AudioWorklet module loaded. @ http://localhost:3000/@fs/Users/kristinnroachgunnarsson/Dev/kidlib/web-audio/dist/index.js?t=1788424012130:4830
[ 7645413ms] [LOG] MIDI disabled and cleaned up @ http://localhost:3000/src/utils/log.ts:3
[ 7645434ms] [LOG] enableSamplePlayerMidi() -> MIDI enabled @ http://localhost:3000/src/utils/log.ts:3
[ 7645474ms] [INFO] AudioWorklet processors already initialized, skipping @ http://localhost:3000/@fs/Users/kristinnroachgunnarsson/Dev/kidlib/web-audio/dist/index.js?t=1788424012130:4813
[ 7645935ms] [LOG] Mapped CC15 to HPF @ http://localhost:3000/src/utils/log.ts:3
[ 7645935ms] [LOG] Mapped CC73 to LPF @ http://localhost:3000/src/utils/log.ts:3
[ 7647175ms] [LOG] MIDI disabled and cleaned up @ http://localhost:3000/src/utils/log.ts:3
[ 7647202ms] [LOG] enableSamplePlayerMidi() -> MIDI enabled @ http://localhost:3000/src/utils/log.ts:3
[ 7647418ms] [LOG] MIDI disabled and cleaned up @ http://localhost:3000/src/utils/log.ts:3
[ 7647436ms] [LOG] enableSamplePlayerMidi() -> MIDI enabled @ http://localhost:3000/src/utils/log.ts:3
[ 7647493ms] [INFO] Audiolib: AudioWorklet module loaded. @ http://localhost:3000/@fs/Users/kristinnroachgunnarsson/Dev/kidlib/web-audio/dist/index.js?t=1788424014780:4830
[ 7647498ms] [INFO] Audiolib: AudioWorklet module loaded. @ http://localhost:3000/@fs/Users/kristinnroachgunnarsson/Dev/kidlib/web-audio/dist/index.js?t=1788424014780:4830
[ 7647668ms] [LOG] MIDI disabled and cleaned up @ http://localhost:3000/src/utils/log.ts:3
[ 7647680ms] [LOG] enableSamplePlayerMidi() -> MIDI enabled @ http://localhost:3000/src/utils/log.ts:3
[ 7647737ms] [INFO] AudioWorklet processors already initialized, skipping @ http://localhost:3000/@fs/Users/kristinnroachgunnarsson/Dev/kidlib/web-audio/dist/index.js?t=1788424014780:4813
[ 7648182ms] [LOG] Mapped CC15 to HPF @ http://localhost:3000/src/utils/log.ts:3
[ 7648182ms] [LOG] Mapped CC73 to LPF @ http://localhost:3000/src/utils/log.ts:3
[ 7665640ms] [LOG] MIDI disabled and cleaned up @ http://localhost:3000/src/utils/log.ts:3
[ 7665686ms] [LOG] enableSamplePlayerMidi() -> MIDI enabled @ http://localhost:3000/src/utils/log.ts:3
[ 7665982ms] [INFO] Audiolib: AudioWorklet module loaded. @ http://localhost:3000/@fs/Users/kristinnroachgunnarsson/Dev/kidlib/web-audio/dist/index.js?t=1788424033309:4830
[ 7666189ms] [LOG] Mapped CC15 to HPF @ http://localhost:3000/src/utils/log.ts:3
[ 7666189ms] [LOG] Mapped CC73 to LPF @ http://localhost:3000/src/utils/log.ts:3
[ 7666644ms] [LOG] MIDI disabled and cleaned up @ http://localhost:3000/src/utils/log.ts:3
[ 7666667ms] [LOG] enableSamplePlayerMidi() -> MIDI enabled @ http://localhost:3000/src/utils/log.ts:3
[ 7666851ms] [INFO] Audiolib: AudioWorklet module loaded. @ http://localhost:3000/@fs/Users/kristinnroachgunnarsson/Dev/kidlib/web-audio/dist/index.js?t=1788424034232:4830
[ 7667103ms] [LOG] MIDI disabled and cleaned up @ http://localhost:3000/src/utils/log.ts:3
[ 7667121ms] [LOG] enableSamplePlayerMidi() -> MIDI enabled @ http://localhost:3000/src/utils/log.ts:3
[ 7667182ms] [INFO] AudioWorklet processors already initialized, skipping @ http://localhost:3000/@fs/Users/kristinnroachgunnarsson/Dev/kidlib/web-audio/dist/index.js?t=1788424034232:4813
[ 7667309ms] [LOG] MIDI disabled and cleaned up @ http://localhost:3000/src/utils/log.ts:3
[ 7667324ms] [LOG] enableSamplePlayerMidi() -> MIDI enabled @ http://localhost:3000/src/utils/log.ts:3
[ 7667325ms] [INFO] AudioWorklet processors already initialized, skipping @ http://localhost:3000/@fs/Users/kristinnroachgunnarsson/Dev/kidlib/web-audio/dist/index.js?t=1788424034232:4813
[ 7667354ms] [LOG] MIDI disabled and cleaned up @ http://localhost:3000/src/utils/log.ts:3
[ 7667363ms] [LOG] enableSamplePlayerMidi() -> MIDI enabled @ http://localhost:3000/src/utils/log.ts:3
[ 7667369ms] [INFO] AudioWorklet processors already initialized, skipping @ http://localhost:3000/@fs/Users/kristinnroachgunnarsson/Dev/kidlib/web-audio/dist/index.js?t=1788424034232:4813
[ 7667492ms] [LOG] MIDI disabled and cleaned up @ http://localhost:3000/src/utils/log.ts:3
[ 7667506ms] [LOG] enableSamplePlayerMidi() -> MIDI enabled @ http://localhost:3000/src/utils/log.ts:3
[ 7667509ms] [INFO] AudioWorklet processors already initialized, skipping @ http://localhost:3000/@fs/Users/kristinnroachgunnarsson/Dev/kidlib/web-audio/dist/index.js?t=1788424034232:4813
[ 7668008ms] [LOG] Mapped CC15 to HPF @ http://localhost:3000/src/utils/log.ts:3
[ 7668008ms] [LOG] Mapped CC73 to LPF @ http://localhost:3000/src/utils/log.ts:3
[ 7679943ms] [LOG] MIDI disabled and cleaned up @ http://localhost:3000/src/utils/log.ts:3
[ 7679981ms] [LOG] enableSamplePlayerMidi() -> MIDI enabled @ http://localhost:3000/src/utils/log.ts:3
[ 7680316ms] [LOG] MIDI disabled and cleaned up @ http://localhost:3000/src/utils/log.ts:3
[ 7680334ms] [LOG] enableSamplePlayerMidi() -> MIDI enabled @ http://localhost:3000/src/utils/log.ts:3
[ 7680455ms] [LOG] MIDI disabled and cleaned up @ http://localhost:3000/src/utils/log.ts:3
[ 7680464ms] [LOG] enableSamplePlayerMidi() -> MIDI enabled @ http://localhost:3000/src/utils/log.ts:3
[ 7680556ms] [INFO] Audiolib: AudioWorklet module loaded. @ http://localhost:3000/@fs/Users/kristinnroachgunnarsson/Dev/kidlib/web-audio/dist/index.js?t=1788424047356:4830
[ 7680558ms] [INFO] Audiolib: AudioWorklet module loaded. @ http://localhost:3000/@fs/Users/kristinnroachgunnarsson/Dev/kidlib/web-audio/dist/index.js?t=1788424047356:4830
[ 7680558ms] [INFO] Audiolib: AudioWorklet module loaded. @ http://localhost:3000/@fs/Users/kristinnroachgunnarsson/Dev/kidlib/web-audio/dist/index.js?t=1788424047356:4830
[ 7680965ms] [LOG] Mapped CC15 to HPF @ http://localhost:3000/src/utils/log.ts:3
[ 7680965ms] [LOG] Mapped CC73 to LPF @ http://localhost:3000/src/utils/log.ts:3
[ 7684307ms] [LOG] MIDI disabled and cleaned up @ http://localhost:3000/src/utils/log.ts:3
[ 7684335ms] [LOG] enableSamplePlayerMidi() -> MIDI enabled @ http://localhost:3000/src/utils/log.ts:3
[ 7684477ms] [INFO] Audiolib: AudioWorklet module loaded. @ http://localhost:3000/@fs/Users/kristinnroachgunnarsson/Dev/kidlib/web-audio/dist/index.js?t=1788424051925:4830
[ 7684571ms] [LOG] MIDI disabled and cleaned up @ http://localhost:3000/src/utils/log.ts:3
[ 7684582ms] [LOG] enableSamplePlayerMidi() -> MIDI enabled @ http://localhost:3000/src/utils/log.ts:3
[ 7684602ms] [INFO] AudioWorklet processors already initialized, skipping @ http://localhost:3000/@fs/Users/kristinnroachgunnarsson/Dev/kidlib/web-audio/dist/index.js?t=1788424051925:4813
[ 7684696ms] [LOG] MIDI disabled and cleaned up @ http://localhost:3000/src/utils/log.ts:3
[ 7684710ms] [LOG] enableSamplePlayerMidi() -> MIDI enabled @ http://localhost:3000/src/utils/log.ts:3
[ 7684723ms] [INFO] AudioWorklet processors already initialized, skipping @ http://localhost:3000/@fs/Users/kristinnroachgunnarsson/Dev/kidlib/web-audio/dist/index.js?t=1788424051925:4813
[ 7685212ms] [LOG] Mapped CC15 to HPF @ http://localhost:3000/src/utils/log.ts:3
[ 7685212ms] [LOG] Mapped CC73 to LPF @ http://localhost:3000/src/utils/log.ts:3
[ 7690520ms] [LOG] MIDI disabled and cleaned up @ http://localhost:3000/src/utils/log.ts:3
[ 7690559ms] [LOG] enableSamplePlayerMidi() -> MIDI enabled @ http://localhost:3000/src/utils/log.ts:3
[ 7690651ms] [LOG] MIDI disabled and cleaned up @ http://localhost:3000/src/utils/log.ts:3
[ 7690661ms] [LOG] enableSamplePlayerMidi() -> MIDI enabled @ http://localhost:3000/src/utils/log.ts:3
[ 7690827ms] [INFO] Audiolib: AudioWorklet module loaded. @ http://localhost:3000/@fs/Users/kristinnroachgunnarsson/Dev/kidlib/web-audio/dist/index.js?t=1788424057661:4830
[ 7690827ms] [INFO] Audiolib: AudioWorklet module loaded. @ http://localhost:3000/@fs/Users/kristinnroachgunnarsson/Dev/kidlib/web-audio/dist/index.js?t=1788424057661:4830
[ 7691133ms] [LOG] MIDI disabled and cleaned up @ http://localhost:3000/src/utils/log.ts:3
[ 7691146ms] [LOG] enableSamplePlayerMidi() -> MIDI enabled @ http://localhost:3000/src/utils/log.ts:3
[ 7691328ms] [INFO] AudioWorklet processors already initialized, skipping @ http://localhost:3000/@fs/Users/kristinnroachgunnarsson/Dev/kidlib/web-audio/dist/index.js?t=1788424057661:4813
[ 7691648ms] [LOG] Mapped CC15 to HPF @ http://localhost:3000/src/utils/log.ts:3
[ 7691648ms] [LOG] Mapped CC73 to LPF @ http://localhost:3000/src/utils/log.ts:3
[ 7695336ms] [LOG] MIDI disabled and cleaned up @ http://localhost:3000/src/utils/log.ts:3
[ 7695376ms] [LOG] enableSamplePlayerMidi() -> MIDI enabled @ http://localhost:3000/src/utils/log.ts:3
[ 7695613ms] [LOG] MIDI disabled and cleaned up @ http://localhost:3000/src/utils/log.ts:3
[ 7695632ms] [LOG] enableSamplePlayerMidi() -> MIDI enabled @ http://localhost:3000/src/utils/log.ts:3
[ 7695762ms] [LOG] MIDI disabled and cleaned up @ http://localhost:3000/src/utils/log.ts:3
[ 7695778ms] [LOG] enableSamplePlayerMidi() -> MIDI enabled @ http://localhost:3000/src/utils/log.ts:3
[ 7695900ms] [INFO] Audiolib: AudioWorklet module loaded. @ http://localhost:3000/@fs/Users/kristinnroachgunnarsson/Dev/kidlib/web-audio/dist/index.js?t=1788424062698:4830
[ 7695900ms] [INFO] Audiolib: AudioWorklet module loaded. @ http://localhost:3000/@fs/Users/kristinnroachgunnarsson/Dev/kidlib/web-audio/dist/index.js?t=1788424062698:4830
[ 7695901ms] [INFO] Audiolib: AudioWorklet module loaded. @ http://localhost:3000/@fs/Users/kristinnroachgunnarsson/Dev/kidlib/web-audio/dist/index.js?t=1788424062698:4830
[ 7696280ms] [LOG] Mapped CC15 to HPF @ http://localhost:3000/src/utils/log.ts:3
[ 7696282ms] [LOG] Mapped CC73 to LPF @ http://localhost:3000/src/utils/log.ts:3
[ 8515503ms] [LOG] MIDI disabled and cleaned up @ http://localhost:3000/src/utils/log.ts:3
[ 8515574ms] [LOG] enableSamplePlayerMidi() -> MIDI enabled @ http://localhost:3000/src/utils/log.ts:3
[ 8515758ms] [LOG] MIDI disabled and cleaned up @ http://localhost:3000/src/utils/log.ts:3
[ 8515791ms] [LOG] enableSamplePlayerMidi() -> MIDI enabled @ http://localhost:3000/src/utils/log.ts:3
[ 8515899ms] [INFO] Audiolib: AudioWorklet module loaded. @ http://localhost:3000/@fs/Users/kristinnroachgunnarsson/Dev/kidlib/web-audio/dist/index.js?t=1788424882315:4830
[ 8515902ms] [INFO] Audiolib: AudioWorklet module loaded. @ http://localhost:3000/@fs/Users/kristinnroachgunnarsson/Dev/kidlib/web-audio/dist/index.js?t=1788424882315:4830
[ 8515916ms] [LOG] MIDI disabled and cleaned up @ http://localhost:3000/src/utils/log.ts:3
[ 8515925ms] [LOG] enableSamplePlayerMidi() -> MIDI enabled @ http://localhost:3000/src/utils/log.ts:3
[ 8516128ms] [INFO] AudioWorklet processors already initialized, skipping @ http://localhost:3000/@fs/Users/kristinnroachgunnarsson/Dev/kidlib/web-audio/dist/index.js?t=1788424882315:4813
[ 8516426ms] [LOG] Mapped CC15 to HPF @ http://localhost:3000/src/utils/log.ts:3
[ 8516426ms] [LOG] Mapped CC73 to LPF @ http://localhost:3000/src/utils/log.ts:3
[ 8523810ms] [LOG] MIDI disabled and cleaned up @ http://localhost:3000/src/utils/log.ts:3
[ 8523860ms] [LOG] enableSamplePlayerMidi() -> MIDI enabled @ http://localhost:3000/src/utils/log.ts:3
[ 8524361ms] [LOG] Mapped CC15 to HPF @ http://localhost:3000/src/utils/log.ts:3
[ 8524362ms] [LOG] Mapped CC73 to LPF @ http://localhost:3000/src/utils/log.ts:3
[ 8524377ms] [INFO] Audiolib: AudioWorklet module loaded. @ http://localhost:3000/@fs/Users/kristinnroachgunnarsson/Dev/kidlib/web-audio/dist/index.js?t=1788424890000:4830
[ 8524941ms] [LOG] MIDI disabled and cleaned up @ http://localhost:3000/src/utils/log.ts:3
[ 8524955ms] [LOG] enableSamplePlayerMidi() -> MIDI enabled @ http://localhost:3000/src/utils/log.ts:3
[ 8525049ms] [INFO] Audiolib: AudioWorklet module loaded. @ http://localhost:3000/@fs/Users/kristinnroachgunnarsson/Dev/kidlib/web-audio/dist/index.js?t=1788424891753:4830
[ 8525343ms] [LOG] MIDI disabled and cleaned up @ http://localhost:3000/src/utils/log.ts:3
[ 8525420ms] [LOG] enableSamplePlayerMidi() -> MIDI enabled @ http://localhost:3000/src/utils/log.ts:3
[ 8525527ms] [INFO] AudioWorklet processors already initialized, skipping @ http://localhost:3000/@fs/Users/kristinnroachgunnarsson/Dev/kidlib/web-audio/dist/index.js?t=1788424891753:4813
[ 8525920ms] [LOG] Mapped CC15 to HPF @ http://localhost:3000/src/utils/log.ts:3
[ 8525920ms] [LOG] Mapped CC73 to LPF @ http://localhost:3000/src/utils/log.ts:3
[ 8526045ms] [LOG] MIDI disabled and cleaned up @ http://localhost:3000/src/utils/log.ts:3
[ 8526064ms] [LOG] enableSamplePlayerMidi() -> MIDI enabled @ http://localhost:3000/src/utils/log.ts:3
[ 8526073ms] [INFO] AudioWorklet processors already initialized, skipping @ http://localhost:3000/@fs/Users/kristinnroachgunnarsson/Dev/kidlib/web-audio/dist/index.js?t=1788424891753:4813
[ 8526128ms] [LOG] MIDI disabled and cleaned up @ http://localhost:3000/src/utils/log.ts:3
[ 8526135ms] [LOG] enableSamplePlayerMidi() -> MIDI enabled @ http://localhost:3000/src/utils/log.ts:3
[ 8526146ms] [INFO] AudioWorklet processors already initialized, skipping @ http://localhost:3000/@fs/Users/kristinnroachgunnarsson/Dev/kidlib/web-audio/dist/index.js?t=1788424891753:4813
[ 8526216ms] [LOG] MIDI disabled and cleaned up @ http://localhost:3000/src/utils/log.ts:3
[ 8526228ms] [LOG] enableSamplePlayerMidi() -> MIDI enabled @ http://localhost:3000/src/utils/log.ts:3
[ 8526230ms] [INFO] AudioWorklet processors already initialized, skipping @ http://localhost:3000/@fs/Users/kristinnroachgunnarsson/Dev/kidlib/web-audio/dist/index.js?t=1788424891753:4813
[ 8526729ms] [LOG] Mapped CC15 to HPF @ http://localhost:3000/src/utils/log.ts:3
[ 8526729ms] [LOG] Mapped CC73 to LPF @ http://localhost:3000/src/utils/log.ts:3
[ 8547620ms] [LOG] MIDI disabled and cleaned up @ http://localhost:3000/src/utils/log.ts:3
[ 8547658ms] [LOG] enableSamplePlayerMidi() -> MIDI enabled @ http://localhost:3000/src/utils/log.ts:3
[ 8547861ms] [LOG] MIDI disabled and cleaned up @ http://localhost:3000/src/utils/log.ts:3
[ 8547874ms] [LOG] enableSamplePlayerMidi() -> MIDI enabled @ http://localhost:3000/src/utils/log.ts:3
[ 8548044ms] [LOG] MIDI disabled and cleaned up @ http://localhost:3000/src/utils/log.ts:3
[ 8548079ms] [LOG] enableSamplePlayerMidi() -> MIDI enabled @ http://localhost:3000/src/utils/log.ts:3
[ 8548274ms] [LOG] MIDI disabled and cleaned up @ http://localhost:3000/src/utils/log.ts:3
[ 8548288ms] [LOG] enableSamplePlayerMidi() -> MIDI enabled @ http://localhost:3000/src/utils/log.ts:3
[ 8548384ms] [LOG] MIDI disabled and cleaned up @ http://localhost:3000/src/utils/log.ts:3
[ 8548402ms] [LOG] enableSamplePlayerMidi() -> MIDI enabled @ http://localhost:3000/src/utils/log.ts:3
[ 8548485ms] [LOG] MIDI disabled and cleaned up @ http://localhost:3000/src/utils/log.ts:3
[ 8548498ms] [LOG] enableSamplePlayerMidi() -> MIDI enabled @ http://localhost:3000/src/utils/log.ts:3
[ 8548642ms] [INFO] Audiolib: AudioWorklet module loaded. @ http://localhost:3000/@fs/Users/kristinnroachgunnarsson/Dev/kidlib/web-audio/dist/index.js?t=1788424915916:4830
[ 8548643ms] [INFO] Audiolib: AudioWorklet module loaded. @ http://localhost:3000/@fs/Users/kristinnroachgunnarsson/Dev/kidlib/web-audio/dist/index.js?t=1788424915916:4830
[ 8548643ms] [INFO] Audiolib: AudioWorklet module loaded. @ http://localhost:3000/@fs/Users/kristinnroachgunnarsson/Dev/kidlib/web-audio/dist/index.js?t=1788424915916:4830
[ 8548644ms] [INFO] Audiolib: AudioWorklet module loaded. @ http://localhost:3000/@fs/Users/kristinnroachgunnarsson/Dev/kidlib/web-audio/dist/index.js?t=1788424915916:4830
[ 8548645ms] [INFO] Audiolib: AudioWorklet module loaded. @ http://localhost:3000/@fs/Users/kristinnroachgunnarsson/Dev/kidlib/web-audio/dist/index.js?t=1788424915916:4830
[ 8548645ms] [INFO] Audiolib: AudioWorklet module loaded. @ http://localhost:3000/@fs/Users/kristinnroachgunnarsson/Dev/kidlib/web-audio/dist/index.js?t=1788424915916:4830
[ 8549037ms] [LOG] Mapped CC15 to HPF @ http://localhost:3000/src/utils/log.ts:3
[ 8549037ms] [LOG] Mapped CC73 to LPF @ http://localhost:3000/src/utils/log.ts:3
[ 8577366ms] [LOG] MIDI disabled and cleaned up @ http://localhost:3000/src/utils/log.ts:3
[ 8577396ms] [LOG] enableSamplePlayerMidi() -> MIDI enabled @ http://localhost:3000/src/utils/log.ts:3
[ 8577530ms] [LOG] MIDI disabled and cleaned up @ http://localhost:3000/src/utils/log.ts:3
[ 8577552ms] [LOG] enableSamplePlayerMidi() -> MIDI enabled @ http://localhost:3000/src/utils/log.ts:3
[ 8577654ms] [LOG] MIDI disabled and cleaned up @ http://localhost:3000/src/utils/log.ts:3
[ 8577663ms] [LOG] enableSamplePlayerMidi() -> MIDI enabled @ http://localhost:3000/src/utils/log.ts:3
[ 8578119ms] [INFO] Audiolib: AudioWorklet module loaded. @ http://localhost:3000/@fs/Users/kristinnroachgunnarsson/Dev/kidlib/web-audio/dist/index.js?t=1788424944446:4830
[ 8578120ms] [INFO] Audiolib: AudioWorklet module loaded. @ http://localhost:3000/@fs/Users/kristinnroachgunnarsson/Dev/kidlib/web-audio/dist/index.js?t=1788424944446:4830
[ 8578120ms] [INFO] Audiolib: AudioWorklet module loaded. @ http://localhost:3000/@fs/Users/kristinnroachgunnarsson/Dev/kidlib/web-audio/dist/index.js?t=1788424944446:4830
[ 8578241ms] [LOG] Mapped CC15 to HPF @ http://localhost:3000/src/utils/log.ts:3
[ 8578241ms] [LOG] Mapped CC73 to LPF @ http://localhost:3000/src/utils/log.ts:3
[ 8579138ms] [LOG] MIDI disabled and cleaned up @ http://localhost:3000/src/utils/log.ts:3
[ 8579210ms] [LOG] enableSamplePlayerMidi() -> MIDI enabled @ http://localhost:3000/src/utils/log.ts:3
[ 8579478ms] [LOG] MIDI disabled and cleaned up @ http://localhost:3000/src/utils/log.ts:3
[ 8579505ms] [LOG] enableSamplePlayerMidi() -> MIDI enabled @ http://localhost:3000/src/utils/log.ts:3
[ 8579684ms] [LOG] MIDI disabled and cleaned up @ http://localhost:3000/src/utils/log.ts:3
[ 8579700ms] [LOG] enableSamplePlayerMidi() -> MIDI enabled @ http://localhost:3000/src/utils/log.ts:3
[ 8579707ms] [INFO] Audiolib: AudioWorklet module loaded. @ http://localhost:3000/@fs/Users/kristinnroachgunnarsson/Dev/kidlib/web-audio/dist/index.js?t=1788424946742:4830
[ 8579708ms] [INFO] Audiolib: AudioWorklet module loaded. @ http://localhost:3000/@fs/Users/kristinnroachgunnarsson/Dev/kidlib/web-audio/dist/index.js?t=1788424946742:4830
[ 8579733ms] [INFO] AudioWorklet processors already initialized, skipping @ http://localhost:3000/@fs/Users/kristinnroachgunnarsson/Dev/kidlib/web-audio/dist/index.js?t=1788424946742:4813
[ 8580202ms] [LOG] Mapped CC15 to HPF @ http://localhost:3000/src/utils/log.ts:3
[ 8580203ms] [LOG] Mapped CC73 to LPF @ http://localhost:3000/src/utils/log.ts:3
[ 8861989ms] [LOG] MIDI disabled and cleaned up @ http://localhost:3000/src/utils/log.ts:3
[ 8862073ms] [LOG] enableSamplePlayerMidi() -> MIDI enabled @ http://localhost:3000/src/utils/log.ts:3
[ 8862196ms] [LOG] MIDI disabled and cleaned up @ http://localhost:3000/src/utils/log.ts:3
[ 8862228ms] [LOG] enableSamplePlayerMidi() -> MIDI enabled @ http://localhost:3000/src/utils/log.ts:3
[ 8862730ms] [LOG] Mapped CC15 to HPF @ http://localhost:3000/src/utils/log.ts:3
[ 8862730ms] [LOG] Mapped CC73 to LPF @ http://localhost:3000/src/utils/log.ts:3
[ 8862785ms] [LOG] MIDI disabled and cleaned up @ http://localhost:3000/src/utils/log.ts:3
[ 8862804ms] [LOG] enableSamplePlayerMidi() -> MIDI enabled @ http://localhost:3000/src/utils/log.ts:3
[ 8863132ms] [LOG] MIDI disabled and cleaned up @ http://localhost:3000/src/utils/log.ts:3
[ 8863143ms] [LOG] enableSamplePlayerMidi() -> MIDI enabled @ http://localhost:3000/src/utils/log.ts:3
[ 8863179ms] [LOG] MIDI disabled and cleaned up @ http://localhost:3000/src/utils/log.ts:3
[ 8863191ms] [LOG] enableSamplePlayerMidi() -> MIDI enabled @ http://localhost:3000/src/utils/log.ts:3
[ 8863235ms] [INFO] Audiolib: AudioWorklet module loaded. @ http://localhost:3000/@fs/Users/kristinnroachgunnarsson/Dev/kidlib/web-audio/dist/index.js?t=1788425229521:4830
[ 8863238ms] [INFO] Audiolib: AudioWorklet module loaded. @ http://localhost:3000/@fs/Users/kristinnroachgunnarsson/Dev/kidlib/web-audio/dist/index.js?t=1788425229521:4830
[ 8863239ms] [INFO] Audiolib: AudioWorklet module loaded. @ http://localhost:3000/@fs/Users/kristinnroachgunnarsson/Dev/kidlib/web-audio/dist/index.js?t=1788425229521:4830
[ 8863240ms] [INFO] Audiolib: AudioWorklet module loaded. @ http://localhost:3000/@fs/Users/kristinnroachgunnarsson/Dev/kidlib/web-audio/dist/index.js?t=1788425229521:4830
[ 8863251ms] [INFO] Audiolib: AudioWorklet module loaded. @ http://localhost:3000/@fs/Users/kristinnroachgunnarsson/Dev/kidlib/web-audio/dist/index.js?t=1788425229521:4830
[ 8863743ms] [LOG] Mapped CC15 to HPF @ http://localhost:3000/src/utils/log.ts:3
[ 8863743ms] [LOG] Mapped CC73 to LPF @ http://localhost:3000/src/utils/log.ts:3
[ 8863800ms] [LOG] MIDI disabled and cleaned up @ http://localhost:3000/src/utils/log.ts:3
[ 8863821ms] [LOG] enableSamplePlayerMidi() -> MIDI enabled @ http://localhost:3000/src/utils/log.ts:3
[ 8863868ms] [INFO] AudioWorklet processors already initialized, skipping @ http://localhost:3000/@fs/Users/kristinnroachgunnarsson/Dev/kidlib/web-audio/dist/index.js?t=1788425229521:4813
[ 8864323ms] [LOG] Mapped CC15 to HPF @ http://localhost:3000/src/utils/log.ts:3
[ 8864323ms] [LOG] Mapped CC73 to LPF @ http://localhost:3000/src/utils/log.ts:3
[ 9752404ms] [LOG] MIDI disabled and cleaned up @ http://localhost:3000/src/utils/log.ts:3
[ 9752537ms] [LOG] enableSamplePlayerMidi() -> MIDI enabled @ http://localhost:3000/src/utils/log.ts:3
[ 9752910ms] [INFO] Audiolib: AudioWorklet module loaded. @ http://localhost:3000/@fs/Users/kristinnroachgunnarsson/Dev/kidlib/web-audio/dist/index.js?t=1788426118319:4830
[ 9753072ms] [LOG] Mapped CC15 to HPF @ http://localhost:3000/src/utils/log.ts:3
[ 9753072ms] [LOG] Mapped CC73 to LPF @ http://localhost:3000/src/utils/log.ts:3
[ 9753242ms] [LOG] MIDI disabled and cleaned up @ http://localhost:3000/src/utils/log.ts:3
[ 9753259ms] [LOG] enableSamplePlayerMidi() -> MIDI enabled @ http://localhost:3000/src/utils/log.ts:3
[ 9753358ms] [INFO] AudioWorklet processors already initialized, skipping @ http://localhost:3000/@fs/Users/kristinnroachgunnarsson/Dev/kidlib/web-audio/dist/index.js?t=1788426118319:4813
[ 9753515ms] [LOG] MIDI disabled and cleaned up @ http://localhost:3000/src/utils/log.ts:3
[ 9753524ms] [LOG] enableSamplePlayerMidi() -> MIDI enabled @ http://localhost:3000/src/utils/log.ts:3
[ 9753526ms] [INFO] AudioWorklet processors already initialized, skipping @ http://localhost:3000/@fs/Users/kristinnroachgunnarsson/Dev/kidlib/web-audio/dist/index.js?t=1788426118319:4813
[ 9754025ms] [LOG] Mapped CC15 to HPF @ http://localhost:3000/src/utils/log.ts:3
[ 9754026ms] [LOG] Mapped CC73 to LPF @ http://localhost:3000/src/utils/log.ts:3
[ 9763231ms] [LOG] MIDI disabled and cleaned up @ http://localhost:3000/src/utils/log.ts:3
[ 9763255ms] [LOG] enableSamplePlayerMidi() -> MIDI enabled @ http://localhost:3000/src/utils/log.ts:3
[ 9763460ms] [LOG] MIDI disabled and cleaned up @ http://localhost:3000/src/utils/log.ts:3
[ 9763478ms] [LOG] enableSamplePlayerMidi() -> MIDI enabled @ http://localhost:3000/src/utils/log.ts:3
[ 9763982ms] [LOG] Mapped CC15 to HPF @ http://localhost:3000/src/utils/log.ts:3
[ 9763982ms] [LOG] Mapped CC73 to LPF @ http://localhost:3000/src/utils/log.ts:3
[ 9764572ms] [INFO] Audiolib: AudioWorklet module loaded. @ http://localhost:3000/@fs/Users/kristinnroachgunnarsson/Dev/kidlib/web-audio/dist/index.js?t=1788426130971:4809
[ 9764638ms] [INFO] Audiolib: AudioWorklet module loaded. @ http://localhost:3000/@fs/Users/kristinnroachgunnarsson/Dev/kidlib/web-audio/dist/index.js?t=1788426130971:4809
[ 9764837ms] [LOG] MIDI disabled and cleaned up @ http://localhost:3000/src/utils/log.ts:3
[ 9764856ms] [LOG] enableSamplePlayerMidi() -> MIDI enabled @ http://localhost:3000/src/utils/log.ts:3
[ 9764876ms] [INFO] AudioWorklet processors already initialized, skipping @ http://localhost:3000/@fs/Users/kristinnroachgunnarsson/Dev/kidlib/web-audio/dist/index.js?t=1788426130971:4792
[ 9765358ms] [LOG] Mapped CC15 to HPF @ http://localhost:3000/src/utils/log.ts:3
[ 9765358ms] [LOG] Mapped CC73 to LPF @ http://localhost:3000/src/utils/log.ts:3
[ 9783738ms] [LOG] MIDI disabled and cleaned up @ http://localhost:3000/src/utils/log.ts:3
[ 9783768ms] [LOG] enableSamplePlayerMidi() -> MIDI enabled @ http://localhost:3000/src/utils/log.ts:3
[ 9784071ms] [INFO] Audiolib: AudioWorklet module loaded. @ http://localhost:3000/@fs/Users/kristinnroachgunnarsson/Dev/kidlib/web-audio/dist/index.js?t=1788426150467:4809
[ 9784269ms] [LOG] Mapped CC15 to HPF @ http://localhost:3000/src/utils/log.ts:3
[ 9784269ms] [LOG] Mapped CC73 to LPF @ http://localhost:3000/src/utils/log.ts:3
[ 9784328ms] [LOG] MIDI disabled and cleaned up @ http://localhost:3000/src/utils/log.ts:3
[ 9784341ms] [LOG] enableSamplePlayerMidi() -> MIDI enabled @ http://localhost:3000/src/utils/log.ts:3
[ 9784365ms] [INFO] AudioWorklet processors already initialized, skipping @ http://localhost:3000/@fs/Users/kristinnroachgunnarsson/Dev/kidlib/web-audio/dist/index.js?t=1788426150467:4792
[ 9784550ms] [LOG] MIDI disabled and cleaned up @ http://localhost:3000/src/utils/log.ts:3
[ 9784558ms] [LOG] enableSamplePlayerMidi() -> MIDI enabled @ http://localhost:3000/src/utils/log.ts:3
[ 9784568ms] [INFO] AudioWorklet processors already initialized, skipping @ http://localhost:3000/@fs/Users/kristinnroachgunnarsson/Dev/kidlib/web-audio/dist/index.js?t=1788426150467:4792
[ 9785060ms] [LOG] Mapped CC15 to HPF @ http://localhost:3000/src/utils/log.ts:3
[ 9785060ms] [LOG] Mapped CC73 to LPF @ http://localhost:3000/src/utils/log.ts:3
[ 9791619ms] [LOG] MIDI disabled and cleaned up @ http://localhost:3000/src/utils/log.ts:3
[ 9791653ms] [LOG] enableSamplePlayerMidi() -> MIDI enabled @ http://localhost:3000/src/utils/log.ts:3
[ 9791745ms] [LOG] MIDI disabled and cleaned up @ http://localhost:3000/src/utils/log.ts:3
[ 9791760ms] [LOG] enableSamplePlayerMidi() -> MIDI enabled @ http://localhost:3000/src/utils/log.ts:3
[ 9792003ms] [LOG] MIDI disabled and cleaned up @ http://localhost:3000/src/utils/log.ts:3
[ 9792025ms] [LOG] enableSamplePlayerMidi() -> MIDI enabled @ http://localhost:3000/src/utils/log.ts:3
[ 9792475ms] [INFO] Audiolib: AudioWorklet module loaded. @ http://localhost:3000/@fs/Users/kristinnroachgunnarsson/Dev/kidlib/web-audio/dist/index.js?t=1788426158559:4809
[ 9792477ms] [INFO] Audiolib: AudioWorklet module loaded. @ http://localhost:3000/@fs/Users/kristinnroachgunnarsson/Dev/kidlib/web-audio/dist/index.js?t=1788426158559:4809
[ 9792477ms] [INFO] Audiolib: AudioWorklet module loaded. @ http://localhost:3000/@fs/Users/kristinnroachgunnarsson/Dev/kidlib/web-audio/dist/index.js?t=1788426158559:4809
[ 9792668ms] [LOG] Mapped CC15 to HPF @ http://localhost:3000/src/utils/log.ts:3
[ 9792668ms] [LOG] Mapped CC73 to LPF @ http://localhost:3000/src/utils/log.ts:3
[ 9796793ms] [LOG] MIDI disabled and cleaned up @ http://localhost:3000/src/utils/log.ts:3
[ 9796822ms] [LOG] enableSamplePlayerMidi() -> MIDI enabled @ http://localhost:3000/src/utils/log.ts:3
[ 9796979ms] [INFO] Audiolib: AudioWorklet module loaded. @ http://localhost:3000/@fs/Users/kristinnroachgunnarsson/Dev/kidlib/web-audio/dist/index.js?t=1788426164520:4809
[ 9797164ms] [LOG] MIDI disabled and cleaned up @ http://localhost:3000/src/utils/log.ts:3
[ 9797204ms] [LOG] enableSamplePlayerMidi() -> MIDI enabled @ http://localhost:3000/src/utils/log.ts:3
[ 9797247ms] [INFO] AudioWorklet processors already initialized, skipping @ http://localhost:3000/@fs/Users/kristinnroachgunnarsson/Dev/kidlib/web-audio/dist/index.js?t=1788426164520:4792
[ 9797279ms] [LOG] MIDI disabled and cleaned up @ http://localhost:3000/src/utils/log.ts:3
[ 9797289ms] [LOG] enableSamplePlayerMidi() -> MIDI enabled @ http://localhost:3000/src/utils/log.ts:3
[ 9797298ms] [INFO] AudioWorklet processors already initialized, skipping @ http://localhost:3000/@fs/Users/kristinnroachgunnarsson/Dev/kidlib/web-audio/dist/index.js?t=1788426164520:4792
[ 9797792ms] [LOG] Mapped CC15 to HPF @ http://localhost:3000/src/utils/log.ts:3
[ 9797792ms] [LOG] Mapped CC73 to LPF @ http://localhost:3000/src/utils/log.ts:3
[ 9804567ms] [LOG] MIDI disabled and cleaned up @ http://localhost:3000/src/utils/log.ts:3
[ 9804624ms] [LOG] enableSamplePlayerMidi() -> MIDI enabled @ http://localhost:3000/src/utils/log.ts:3
[ 9804861ms] [INFO] Audiolib: AudioWorklet module loaded. @ http://localhost:3000/@fs/Users/kristinnroachgunnarsson/Dev/kidlib/web-audio/dist/index.js?t=1788426171043:4809
[ 9805033ms] [LOG] MIDI disabled and cleaned up @ http://localhost:3000/src/utils/log.ts:3
[ 9805059ms] [LOG] enableSamplePlayerMidi() -> MIDI enabled @ http://localhost:3000/src/utils/log.ts:3
[ 9805302ms] [INFO] AudioWorklet processors already initialized, skipping @ http://localhost:3000/@fs/Users/kristinnroachgunnarsson/Dev/kidlib/web-audio/dist/index.js?t=1788426171043:4792
[ 9805559ms] [LOG] Mapped CC15 to HPF @ http://localhost:3000/src/utils/log.ts:3
[ 9805559ms] [LOG] Mapped CC73 to LPF @ http://localhost:3000/src/utils/log.ts:3
[ 9805944ms] [LOG] MIDI disabled and cleaned up @ http://localhost:3000/src/utils/log.ts:3
[ 9805975ms] [LOG] enableSamplePlayerMidi() -> MIDI enabled @ http://localhost:3000/src/utils/log.ts:3
[ 9806476ms] [LOG] Mapped CC15 to HPF @ http://localhost:3000/src/utils/log.ts:3
[ 9806476ms] [LOG] Mapped CC73 to LPF @ http://localhost:3000/src/utils/log.ts:3
[ 9806505ms] [INFO] Audiolib: AudioWorklet module loaded. @ http://localhost:3000/@fs/Users/kristinnroachgunnarsson/Dev/kidlib/web-audio/dist/index.js?t=1788426174361:4809
[ 9806741ms] [LOG] MIDI disabled and cleaned up @ http://localhost:3000/src/utils/log.ts:3
[ 9806759ms] [LOG] enableSamplePlayerMidi() -> MIDI enabled @ http://localhost:3000/src/utils/log.ts:3
[ 9806791ms] [INFO] AudioWorklet processors already initialized, skipping @ http://localhost:3000/@fs/Users/kristinnroachgunnarsson/Dev/kidlib/web-audio/dist/index.js?t=1788426174361:4792
[ 9806870ms] [LOG] MIDI disabled and cleaned up @ http://localhost:3000/src/utils/log.ts:3
[ 9806880ms] [LOG] enableSamplePlayerMidi() -> MIDI enabled @ http://localhost:3000/src/utils/log.ts:3
[ 9806920ms] [INFO] AudioWorklet processors already initialized, skipping @ http://localhost:3000/@fs/Users/kristinnroachgunnarsson/Dev/kidlib/web-audio/dist/index.js?t=1788426174361:4792
[ 9807086ms] [LOG] MIDI disabled and cleaned up @ http://localhost:3000/src/utils/log.ts:3
[ 9807100ms] [LOG] enableSamplePlayerMidi() -> MIDI enabled @ http://localhost:3000/src/utils/log.ts:3
[ 9807168ms] [INFO] AudioWorklet processors already initialized, skipping @ http://localhost:3000/@fs/Users/kristinnroachgunnarsson/Dev/kidlib/web-audio/dist/index.js?t=1788426174361:4792
[ 9807602ms] [LOG] Mapped CC15 to HPF @ http://localhost:3000/src/utils/log.ts:3
[ 9807602ms] [LOG] Mapped CC73 to LPF @ http://localhost:3000/src/utils/log.ts:3
[ 9823026ms] [LOG] MIDI disabled and cleaned up @ http://localhost:3000/src/utils/log.ts:3
[ 9823078ms] [LOG] enableSamplePlayerMidi() -> MIDI enabled @ http://localhost:3000/src/utils/log.ts:3
[ 9823224ms] [LOG] MIDI disabled and cleaned up @ http://localhost:3000/src/utils/log.ts:3
[ 9823268ms] [LOG] enableSamplePlayerMidi() -> MIDI enabled @ http://localhost:3000/src/utils/log.ts:3
[ 9823573ms] [LOG] MIDI disabled and cleaned up @ http://localhost:3000/src/utils/log.ts:3
[ 9823599ms] [LOG] enableSamplePlayerMidi() -> MIDI enabled @ http://localhost:3000/src/utils/log.ts:3
[ 9824102ms] [LOG] Mapped CC15 to HPF @ http://localhost:3000/src/utils/log.ts:3
[ 9824102ms] [LOG] Mapped CC73 to LPF @ http://localhost:3000/src/utils/log.ts:3
[ 9824224ms] [INFO] Audiolib: AudioWorklet module loaded. @ http://localhost:3000/@fs/Users/kristinnroachgunnarsson/Dev/kidlib/web-audio/dist/index.js?t=1788426190878:4809
[ 9824226ms] [INFO] Audiolib: AudioWorklet module loaded. @ http://localhost:3000/@fs/Users/kristinnroachgunnarsson/Dev/kidlib/web-audio/dist/index.js?t=1788426190878:4809
[ 9824226ms] [INFO] Audiolib: AudioWorklet module loaded. @ http://localhost:3000/@fs/Users/kristinnroachgunnarsson/Dev/kidlib/web-audio/dist/index.js?t=1788426190878:4809
[ 9827143ms] [LOG] MIDI disabled and cleaned up @ http://localhost:3000/src/utils/log.ts:3
[ 9827172ms] [LOG] enableSamplePlayerMidi() -> MIDI enabled @ http://localhost:3000/src/utils/log.ts:3
[ 9827270ms] [LOG] MIDI disabled and cleaned up @ http://localhost:3000/src/utils/log.ts:3
[ 9827283ms] [LOG] enableSamplePlayerMidi() -> MIDI enabled @ http://localhost:3000/src/utils/log.ts:3
[ 9827344ms] [LOG] MIDI disabled and cleaned up @ http://localhost:3000/src/utils/log.ts:3
[ 9827366ms] [LOG] enableSamplePlayerMidi() -> MIDI enabled @ http://localhost:3000/src/utils/log.ts:3
[ 9827868ms] [LOG] Mapped CC15 to HPF @ http://localhost:3000/src/utils/log.ts:3
[ 9827868ms] [LOG] Mapped CC73 to LPF @ http://localhost:3000/src/utils/log.ts:3
[ 9827882ms] [INFO] Audiolib: AudioWorklet module loaded. @ http://localhost:3000/@fs/Users/kristinnroachgunnarsson/Dev/kidlib/web-audio/dist/index.js?t=1788426194335:4809
[ 9827883ms] [INFO] Audiolib: AudioWorklet module loaded. @ http://localhost:3000/@fs/Users/kristinnroachgunnarsson/Dev/kidlib/web-audio/dist/index.js?t=1788426194335:4809
[ 9827883ms] [INFO] Audiolib: AudioWorklet module loaded. @ http://localhost:3000/@fs/Users/kristinnroachgunnarsson/Dev/kidlib/web-audio/dist/index.js?t=1788426194335:4809
[10722527ms] [LOG] MIDI disabled and cleaned up @ http://localhost:3000/src/utils/log.ts:3
[10722617ms] [LOG] enableSamplePlayerMidi() -> MIDI enabled @ http://localhost:3000/src/utils/log.ts:3
[10722711ms] [LOG] MIDI disabled and cleaned up @ http://localhost:3000/src/utils/log.ts:3
[10722724ms] [LOG] enableSamplePlayerMidi() -> MIDI enabled @ http://localhost:3000/src/utils/log.ts:3
[10722836ms] [LOG] MIDI disabled and cleaned up @ http://localhost:3000/src/utils/log.ts:3
[10722852ms] [LOG] enableSamplePlayerMidi() -> MIDI enabled @ http://localhost:3000/src/utils/log.ts:3
[10722997ms] [INFO] Audiolib: AudioWorklet module loaded. @ http://localhost:3000/@fs/Users/kristinnroachgunnarsson/Dev/kidlib/web-audio/dist/index.js?t=1788427089376:4806
[10723010ms] [INFO] Audiolib: AudioWorklet module loaded. @ http://localhost:3000/@fs/Users/kristinnroachgunnarsson/Dev/kidlib/web-audio/dist/index.js?t=1788427089376:4806
[10723011ms] [INFO] Audiolib: AudioWorklet module loaded. @ http://localhost:3000/@fs/Users/kristinnroachgunnarsson/Dev/kidlib/web-audio/dist/index.js?t=1788427089376:4806
[10723386ms] [LOG] Mapped CC15 to HPF @ http://localhost:3000/src/utils/log.ts:3
[10723386ms] [LOG] Mapped CC73 to LPF @ http://localhost:3000/src/utils/log.ts:3
[10729561ms] [LOG] MIDI disabled and cleaned up @ http://localhost:3000/src/utils/log.ts:3
[10729596ms] [LOG] enableSamplePlayerMidi() -> MIDI enabled @ http://localhost:3000/src/utils/log.ts:3
[10729781ms] [LOG] MIDI disabled and cleaned up @ http://localhost:3000/src/utils/log.ts:3
[10729797ms] [LOG] enableSamplePlayerMidi() -> MIDI enabled @ http://localhost:3000/src/utils/log.ts:3
[10729808ms] [INFO] Audiolib: AudioWorklet module loaded. @ http://localhost:3000/@fs/Users/kristinnroachgunnarsson/Dev/kidlib/web-audio/dist/index.js?t=1788427096733:4806
[10729808ms] [INFO] AudioWorklet processors already initialized, skipping @ http://localhost:3000/@fs/Users/kristinnroachgunnarsson/Dev/kidlib/web-audio/dist/index.js?t=1788427096733:4789
[10730073ms] [LOG] MIDI disabled and cleaned up @ http://localhost:3000/src/utils/log.ts:3
[10730093ms] [LOG] enableSamplePlayerMidi() -> MIDI enabled @ http://localhost:3000/src/utils/log.ts:3
[10730133ms] [INFO] AudioWorklet processors already initialized, skipping @ http://localhost:3000/@fs/Users/kristinnroachgunnarsson/Dev/kidlib/web-audio/dist/index.js?t=1788427096733:4789
[10730595ms] [LOG] Mapped CC15 to HPF @ http://localhost:3000/src/utils/log.ts:3
[10730595ms] [LOG] Mapped CC73 to LPF @ http://localhost:3000/src/utils/log.ts:3
[10736622ms] [LOG] MIDI disabled and cleaned up @ http://localhost:3000/src/utils/log.ts:3
[10736658ms] [LOG] enableSamplePlayerMidi() -> MIDI enabled @ http://localhost:3000/src/utils/log.ts:3
[10736904ms] [INFO] Audiolib: AudioWorklet module loaded. @ http://localhost:3000/@fs/Users/kristinnroachgunnarsson/Dev/kidlib/web-audio/dist/index.js?t=1788427103863:4806
[10736909ms] [LOG] MIDI disabled and cleaned up @ http://localhost:3000/src/utils/log.ts:3
[10736966ms] [LOG] enableSamplePlayerMidi() -> MIDI enabled @ http://localhost:3000/src/utils/log.ts:3
[10737016ms] [INFO] AudioWorklet processors already initialized, skipping @ http://localhost:3000/@fs/Users/kristinnroachgunnarsson/Dev/kidlib/web-audio/dist/index.js?t=1788427103863:4789
[10737293ms] [LOG] MIDI disabled and cleaned up @ http://localhost:3000/src/utils/log.ts:3
[10737310ms] [LOG] enableSamplePlayerMidi() -> MIDI enabled @ http://localhost:3000/src/utils/log.ts:3
[10737340ms] [INFO] AudioWorklet processors already initialized, skipping @ http://localhost:3000/@fs/Users/kristinnroachgunnarsson/Dev/kidlib/web-audio/dist/index.js?t=1788427103863:4789
[10737811ms] [LOG] Mapped CC15 to HPF @ http://localhost:3000/src/utils/log.ts:3
[10737812ms] [LOG] Mapped CC73 to LPF @ http://localhost:3000/src/utils/log.ts:3
[10749770ms] [LOG] MIDI disabled and cleaned up @ http://localhost:3000/src/utils/log.ts:3
[10749854ms] [LOG] enableSamplePlayerMidi() -> MIDI enabled @ http://localhost:3000/src/utils/log.ts:3
[10750063ms] [INFO] Audiolib: AudioWorklet module loaded. @ http://localhost:3000/@fs/Users/kristinnroachgunnarsson/Dev/kidlib/web-audio/dist/index.js?t=1788427115815:4806
[10750379ms] [LOG] Mapped CC15 to HPF @ http://localhost:3000/src/utils/log.ts:3
[10750379ms] [LOG] Mapped CC73 to LPF @ http://localhost:3000/src/utils/log.ts:3
[10750748ms] [LOG] MIDI disabled and cleaned up @ http://localhost:3000/src/utils/log.ts:3
[10750761ms] [LOG] enableSamplePlayerMidi() -> MIDI enabled @ http://localhost:3000/src/utils/log.ts:3
[10750807ms] [ERROR] The AudioContext encountered an error from the audio device or the WebAudio renderer. @ http://localhost:3000/:0
[10750842ms] [LOG] MIDI disabled and cleaned up @ http://localhost:3000/src/utils/log.ts:3
[10750861ms] [LOG] enableSamplePlayerMidi() -> MIDI enabled @ http://localhost:3000/src/utils/log.ts:3
[10751200ms] [LOG] MIDI disabled and cleaned up @ http://localhost:3000/src/utils/log.ts:3
[10751214ms] [LOG] enableSamplePlayerMidi() -> MIDI enabled @ http://localhost:3000/src/utils/log.ts:3
[10751242ms] [LOG] MIDI disabled and cleaned up @ http://localhost:3000/src/utils/log.ts:3
[10751255ms] [LOG] enableSamplePlayerMidi() -> MIDI enabled @ http://localhost:3000/src/utils/log.ts:3
[10751294ms] [INFO] Audiolib: AudioWorklet module loaded. @ http://localhost:3000/@fs/Users/kristinnroachgunnarsson/Dev/kidlib/web-audio/dist/index.js?t=1788427118204:4806
[10751433ms] [LOG] MIDI disabled and cleaned up @ http://localhost:3000/src/utils/log.ts:3
[10751444ms] [LOG] enableSamplePlayerMidi() -> MIDI enabled @ http://localhost:3000/src/utils/log.ts:3
[10751946ms] [LOG] Mapped CC15 to HPF @ http://localhost:3000/src/utils/log.ts:3
[10751946ms] [LOG] Mapped CC73 to LPF @ http://localhost:3000/src/utils/log.ts:3
[10761512ms] [LOG] MIDI disabled and cleaned up @ http://localhost:3000/src/utils/log.ts:3
[10761606ms] [LOG] enableSamplePlayerMidi() -> MIDI enabled @ http://localhost:3000/src/utils/log.ts:3
[10761814ms] [ERROR] The AudioContext encountered an error from the audio device or the WebAudio renderer. @ http://localhost:3000/:0
[10762003ms] [INFO] Audiolib: AudioWorklet module loaded. @ http://localhost:3000/@fs/Users/kristinnroachgunnarsson/Dev/kidlib/web-audio/dist/index.js?t=1788427128597:4806
[10762149ms] [LOG] Mapped CC15 to HPF @ http://localhost:3000/src/utils/log.ts:3
[10762150ms] [LOG] Mapped CC73 to LPF @ http://localhost:3000/src/utils/log.ts:3
[10762661ms] [LOG] MIDI disabled and cleaned up @ http://localhost:3000/src/utils/log.ts:3
[10762680ms] [LOG] enableSamplePlayerMidi() -> MIDI enabled @ http://localhost:3000/src/utils/log.ts:3
[10763181ms] [LOG] Mapped CC15 to HPF @ http://localhost:3000/src/utils/log.ts:3
[10763181ms] [LOG] Mapped CC73 to LPF @ http://localhost:3000/src/utils/log.ts:3
[10763246ms] [LOG] MIDI disabled and cleaned up @ http://localhost:3000/src/utils/log.ts:3
[10763261ms] [LOG] enableSamplePlayerMidi() -> MIDI enabled @ http://localhost:3000/src/utils/log.ts:3
[10763591ms] [LOG] MIDI disabled and cleaned up @ http://localhost:3000/src/utils/log.ts:3
[10763606ms] [LOG] enableSamplePlayerMidi() -> MIDI enabled @ http://localhost:3000/src/utils/log.ts:3
[10763642ms] [LOG] MIDI disabled and cleaned up @ http://localhost:3000/src/utils/log.ts:3
[10763656ms] [LOG] enableSamplePlayerMidi() -> MIDI enabled @ http://localhost:3000/src/utils/log.ts:3
[10763681ms] [LOG] MIDI disabled and cleaned up @ http://localhost:3000/src/utils/log.ts:3
[10763695ms] [LOG] enableSamplePlayerMidi() -> MIDI enabled @ http://localhost:3000/src/utils/log.ts:3
[10764196ms] [LOG] Mapped CC15 to HPF @ http://localhost:3000/src/utils/log.ts:3
[10764197ms] [LOG] Mapped CC73 to LPF @ http://localhost:3000/src/utils/log.ts:3
[11787337ms] [LOG] MIDI disabled and cleaned up @ http://localhost:3000/src/utils/log.ts:3
[11787437ms] [LOG] enableSamplePlayerMidi() -> MIDI enabled @ http://localhost:3000/src/utils/log.ts:3
[11787627ms] [ERROR] The AudioContext encountered an error from the audio device or the WebAudio renderer. @ http://localhost:3000/:0
[11787768ms] [INFO] Audiolib: AudioWorklet module loaded. @ http://localhost:3000/@fs/Users/kristinnroachgunnarsson/Dev/kidlib/web-audio/dist/index.js?t=1788428153383:4821
[11787773ms] [LOG] MIDI disabled and cleaned up @ http://localhost:3000/src/utils/log.ts:3
[11787786ms] [LOG] enableSamplePlayerMidi() -> MIDI enabled @ http://localhost:3000/src/utils/log.ts:3
[11788288ms] [LOG] Mapped CC15 to HPF @ http://localhost:3000/src/utils/log.ts:3
[11788288ms] [LOG] Mapped CC73 to LPF @ http://localhost:3000/src/utils/log.ts:3
[11788739ms] [LOG] MIDI disabled and cleaned up @ http://localhost:3000/src/utils/log.ts:3
[11788747ms] [LOG] enableSamplePlayerMidi() -> MIDI enabled @ http://localhost:3000/src/utils/log.ts:3
[11789249ms] [LOG] Mapped CC15 to HPF @ http://localhost:3000/src/utils/log.ts:3
[11789249ms] [LOG] Mapped CC73 to LPF @ http://localhost:3000/src/utils/log.ts:3
[11802351ms] [LOG] MIDI disabled and cleaned up @ http://localhost:3000/src/utils/log.ts:3
[11802398ms] [LOG] enableSamplePlayerMidi() -> MIDI enabled @ http://localhost:3000/src/utils/log.ts:3
[11802505ms] [ERROR] The AudioContext encountered an error from the audio device or the WebAudio renderer. @ http://localhost:3000/:0
[11802632ms] [INFO] Audiolib: AudioWorklet module loaded. @ http://localhost:3000/@fs/Users/kristinnroachgunnarsson/Dev/kidlib/web-audio/dist/index.js?t=1788428168924:4806
[11802896ms] [LOG] MIDI disabled and cleaned up @ http://localhost:3000/src/utils/log.ts:3
[11802906ms] [LOG] enableSamplePlayerMidi() -> MIDI enabled @ http://localhost:3000/src/utils/log.ts:3
[11803409ms] [LOG] Mapped CC15 to HPF @ http://localhost:3000/src/utils/log.ts:3
[11803410ms] [LOG] Mapped CC73 to LPF @ http://localhost:3000/src/utils/log.ts:3
[11803654ms] [LOG] MIDI disabled and cleaned up @ http://localhost:3000/src/utils/log.ts:3
[11803665ms] [LOG] enableSamplePlayerMidi() -> MIDI enabled @ http://localhost:3000/src/utils/log.ts:3
[11804166ms] [LOG] Mapped CC15 to HPF @ http://localhost:3000/src/utils/log.ts:3
[11804166ms] [LOG] Mapped CC73 to LPF @ http://localhost:3000/src/utils/log.ts:3
[11810045ms] [LOG] MIDI disabled and cleaned up @ http://localhost:3000/src/utils/log.ts:3
[11810107ms] [LOG] enableSamplePlayerMidi() -> MIDI enabled @ http://localhost:3000/src/utils/log.ts:3
[11810297ms] [ERROR] The AudioContext encountered an error from the audio device or the WebAudio renderer. @ http://localhost:3000/:0
[11810527ms] [INFO] Audiolib: AudioWorklet module loaded. @ http://localhost:3000/@fs/Users/kristinnroachgunnarsson/Dev/kidlib/web-audio/dist/index.js?t=1788428176444:4806
[11810629ms] [LOG] Mapped CC15 to HPF @ http://localhost:3000/src/utils/log.ts:3
[11810630ms] [LOG] Mapped CC73 to LPF @ http://localhost:3000/src/utils/log.ts:3
[11811049ms] [LOG] MIDI disabled and cleaned up @ http://localhost:3000/src/utils/log.ts:3
[11811063ms] [LOG] enableSamplePlayerMidi() -> MIDI enabled @ http://localhost:3000/src/utils/log.ts:3
[11811167ms] [LOG] MIDI disabled and cleaned up @ http://localhost:3000/src/utils/log.ts:3
[11811179ms] [LOG] enableSamplePlayerMidi() -> MIDI enabled @ http://localhost:3000/src/utils/log.ts:3
[11811685ms] [LOG] Mapped CC15 to HPF @ http://localhost:3000/src/utils/log.ts:3
[11811685ms] [LOG] Mapped CC73 to LPF @ http://localhost:3000/src/utils/log.ts:3
[12225306ms] [LOG] MIDI disabled and cleaned up @ http://localhost:3000/src/utils/log.ts:3
[12225358ms] [LOG] enableSamplePlayerMidi() -> MIDI enabled @ http://localhost:3000/src/utils/log.ts:3
[12225424ms] [ERROR] The AudioContext encountered an error from the audio device or the WebAudio renderer. @ http://localhost:3000/:0
[12225588ms] [INFO] Audiolib: AudioWorklet module loaded. @ http://localhost:3000/@fs/Users/kristinnroachgunnarsson/Dev/kidlib/web-audio/dist/index.js?t=1788428592308:4806
[12225590ms] [LOG] MIDI disabled and cleaned up @ http://localhost:3000/src/utils/log.ts:3
[12225650ms] [LOG] enableSamplePlayerMidi() -> MIDI enabled @ http://localhost:3000/src/utils/log.ts:3
[12225765ms] [LOG] MIDI disabled and cleaned up @ http://localhost:3000/src/utils/log.ts:3
[12225774ms] [LOG] enableSamplePlayerMidi() -> MIDI enabled @ http://localhost:3000/src/utils/log.ts:3
[12226276ms] [LOG] Mapped CC15 to HPF @ http://localhost:3000/src/utils/log.ts:3
[12226276ms] [LOG] Mapped CC73 to LPF @ http://localhost:3000/src/utils/log.ts:3
[12625035ms] [LOG] MIDI disabled and cleaned up @ http://localhost:3000/src/utils/log.ts:3
[12625123ms] [LOG] enableSamplePlayerMidi() -> MIDI enabled @ http://localhost:3000/src/utils/log.ts:3
[12625227ms] [ERROR] The AudioContext encountered an error from the audio device or the WebAudio renderer. @ http://localhost:3000/:0
[12625263ms] [LOG] MIDI disabled and cleaned up @ http://localhost:3000/src/utils/log.ts:3
[12625275ms] [LOG] enableSamplePlayerMidi() -> MIDI enabled @ http://localhost:3000/src/utils/log.ts:3
[12625301ms] [INFO] Audiolib: AudioWorklet module loaded. @ http://localhost:3000/@fs/Users/kristinnroachgunnarsson/Dev/kidlib/web-audio/dist/index.js?t=1788428991178:4806
[12625512ms] [LOG] MIDI disabled and cleaned up @ http://localhost:3000/src/utils/log.ts:3
[12625525ms] [LOG] enableSamplePlayerMidi() -> MIDI enabled @ http://localhost:3000/src/utils/log.ts:3
[12626026ms] [LOG] Mapped CC15 to HPF @ http://localhost:3000/src/utils/log.ts:3
[12626027ms] [LOG] Mapped CC73 to LPF @ http://localhost:3000/src/utils/log.ts:3
[13068640ms] [LOG] MIDI disabled and cleaned up @ http://localhost:3000/src/utils/log.ts:3
[13068731ms] [LOG] enableSamplePlayerMidi() -> MIDI enabled @ http://localhost:3000/src/utils/log.ts:3
[13068890ms] [ERROR] The AudioContext encountered an error from the audio device or the WebAudio renderer. @ http://localhost:3000/:0
[13068935ms] [LOG] MIDI disabled and cleaned up @ http://localhost:3000/src/utils/log.ts:3
[13068949ms] [LOG] enableSamplePlayerMidi() -> MIDI enabled @ http://localhost:3000/src/utils/log.ts:3
[13068975ms] [INFO] Audiolib: AudioWorklet module loaded. @ http://localhost:3000/@fs/Users/kristinnroachgunnarsson/Dev/kidlib/web-audio/dist/index.js?t=1788429435516:4806
[13069312ms] [LOG] MIDI disabled and cleaned up @ http://localhost:3000/src/utils/log.ts:3
[13069329ms] [LOG] enableSamplePlayerMidi() -> MIDI enabled @ http://localhost:3000/src/utils/log.ts:3
[13069831ms] [LOG] Mapped CC15 to HPF @ http://localhost:3000/src/utils/log.ts:3
[13069831ms] [LOG] Mapped CC73 to LPF @ http://localhost:3000/src/utils/log.ts:3
[13134643ms] [LOG] MIDI disabled and cleaned up @ http://localhost:3000/src/utils/log.ts:3
[13134685ms] [LOG] enableSamplePlayerMidi() -> MIDI enabled @ http://localhost:3000/src/utils/log.ts:3
[13134745ms] [ERROR] The AudioContext encountered an error from the audio device or the WebAudio renderer. @ http://localhost:3000/:0
[13134892ms] [INFO] Audiolib: AudioWorklet module loaded. @ http://localhost:3000/@fs/Users/kristinnroachgunnarsson/Dev/kidlib/web-audio/dist/index.js?t=1788429501582:4806
[13135185ms] [LOG] MIDI disabled and cleaned up @ http://localhost:3000/src/utils/log.ts:3
[13135196ms] [LOG] enableSamplePlayerMidi() -> MIDI enabled @ http://localhost:3000/src/utils/log.ts:3
[13135702ms] [LOG] Mapped CC15 to HPF @ http://localhost:3000/src/utils/log.ts:3
[13135703ms] [LOG] Mapped CC73 to LPF @ http://localhost:3000/src/utils/log.ts:3
[13135997ms] [LOG] MIDI disabled and cleaned up @ http://localhost:3000/src/utils/log.ts:3
[13136017ms] [LOG] enableSamplePlayerMidi() -> MIDI enabled @ http://localhost:3000/src/utils/log.ts:3
[13136518ms] [LOG] Mapped CC15 to HPF @ http://localhost:3000/src/utils/log.ts:3
[13136519ms] [LOG] Mapped CC73 to LPF @ http://localhost:3000/src/utils/log.ts:3
[13152541ms] [LOG] MIDI disabled and cleaned up @ http://localhost:3000/src/utils/log.ts:3
[13152575ms] [LOG] enableSamplePlayerMidi() -> MIDI enabled @ http://localhost:3000/src/utils/log.ts:3
[13152675ms] [ERROR] The AudioContext encountered an error from the audio device or the WebAudio renderer. @ http://localhost:3000/:0
[13152740ms] [INFO] Audiolib: AudioWorklet module loaded. @ http://localhost:3000/@fs/Users/kristinnroachgunnarsson/Dev/kidlib/web-audio/dist/index.js?t=1788429519961:4806
[13152778ms] [LOG] MIDI disabled and cleaned up @ http://localhost:3000/src/utils/log.ts:3
[13152804ms] [LOG] enableSamplePlayerMidi() -> MIDI enabled @ http://localhost:3000/src/utils/log.ts:3
[13152942ms] [LOG] MIDI disabled and cleaned up @ http://localhost:3000/src/utils/log.ts:3
[13152955ms] [LOG] enableSamplePlayerMidi() -> MIDI enabled @ http://localhost:3000/src/utils/log.ts:3
[13153456ms] [LOG] Mapped CC15 to HPF @ http://localhost:3000/src/utils/log.ts:3
[13153456ms] [LOG] Mapped CC73 to LPF @ http://localhost:3000/src/utils/log.ts:3
[13178848ms] [LOG] MIDI disabled and cleaned up @ http://localhost:3000/src/utils/log.ts:3
[13178878ms] [LOG] enableSamplePlayerMidi() -> MIDI enabled @ http://localhost:3000/src/utils/log.ts:3
[13178965ms] [ERROR] The AudioContext encountered an error from the audio device or the WebAudio renderer. @ http://localhost:3000/:0
[13179032ms] [INFO] Audiolib: AudioWorklet module loaded. @ http://localhost:3000/@fs/Users/kristinnroachgunnarsson/Dev/kidlib/web-audio/dist/index.js?t=1788429547314:4806
[13179190ms] [LOG] MIDI disabled and cleaned up @ http://localhost:3000/src/utils/log.ts:3
[13179204ms] [LOG] enableSamplePlayerMidi() -> MIDI enabled @ http://localhost:3000/src/utils/log.ts:3
[13179383ms] [LOG] MIDI disabled and cleaned up @ http://localhost:3000/src/utils/log.ts:3
[13179393ms] [LOG] enableSamplePlayerMidi() -> MIDI enabled @ http://localhost:3000/src/utils/log.ts:3
[13179605ms] [LOG] MIDI disabled and cleaned up @ http://localhost:3000/src/utils/log.ts:3
[13179629ms] [LOG] enableSamplePlayerMidi() -> MIDI enabled @ http://localhost:3000/src/utils/log.ts:3
[13179944ms] [LOG] MIDI disabled and cleaned up @ http://localhost:3000/src/utils/log.ts:3
[13179962ms] [LOG] enableSamplePlayerMidi() -> MIDI enabled @ http://localhost:3000/src/utils/log.ts:3
[13179989ms] [LOG] MIDI disabled and cleaned up @ http://localhost:3000/src/utils/log.ts:3
[13179999ms] [LOG] enableSamplePlayerMidi() -> MIDI enabled @ http://localhost:3000/src/utils/log.ts:3
[13180501ms] [LOG] Mapped CC15 to HPF @ http://localhost:3000/src/utils/log.ts:3
[13180501ms] [LOG] Mapped CC73 to LPF @ http://localhost:3000/src/utils/log.ts:3
[13195840ms] [LOG] MIDI disabled and cleaned up @ http://localhost:3000/src/utils/log.ts:3
[13195879ms] [LOG] enableSamplePlayerMidi() -> MIDI enabled @ http://localhost:3000/src/utils/log.ts:3
[13195936ms] [ERROR] The AudioContext encountered an error from the audio device or the WebAudio renderer. @ http://localhost:3000/:0
[13196012ms] [INFO] Audiolib: AudioWorklet module loaded. @ http://localhost:3000/@fs/Users/kristinnroachgunnarsson/Dev/kidlib/web-audio/dist/index.js?t=1788429562574:4806
[13196295ms] [LOG] MIDI disabled and cleaned up @ http://localhost:3000/src/utils/log.ts:3
[13196307ms] [LOG] enableSamplePlayerMidi() -> MIDI enabled @ http://localhost:3000/src/utils/log.ts:3
[13196583ms] [LOG] MIDI disabled and cleaned up @ http://localhost:3000/src/utils/log.ts:3
[13196597ms] [LOG] enableSamplePlayerMidi() -> MIDI enabled @ http://localhost:3000/src/utils/log.ts:3
[13197100ms] [LOG] Mapped CC15 to HPF @ http://localhost:3000/src/utils/log.ts:3
[13197100ms] [LOG] Mapped CC73 to LPF @ http://localhost:3000/src/utils/log.ts:3
[13226010ms] [LOG] MIDI disabled and cleaned up @ http://localhost:3000/src/utils/log.ts:3
[13226046ms] [LOG] enableSamplePlayerMidi() -> MIDI enabled @ http://localhost:3000/src/utils/log.ts:3
[13226107ms] [ERROR] The AudioContext encountered an error from the audio device or the WebAudio renderer. @ http://localhost:3000/:0
[13226277ms] [LOG] MIDI disabled and cleaned up @ http://localhost:3000/src/utils/log.ts:3
[13226288ms] [LOG] enableSamplePlayerMidi() -> MIDI enabled @ http://localhost:3000/src/utils/log.ts:3
[13226295ms] [INFO] Audiolib: AudioWorklet module loaded. @ http://localhost:3000/@fs/Users/kristinnroachgunnarsson/Dev/kidlib/web-audio/dist/index.js?t=1788429593052:4806
[13226348ms] [LOG] MIDI disabled and cleaned up @ http://localhost:3000/src/utils/log.ts:3
[13226357ms] [LOG] enableSamplePlayerMidi() -> MIDI enabled @ http://localhost:3000/src/utils/log.ts:3
[13226862ms] [LOG] Mapped CC15 to HPF @ http://localhost:3000/src/utils/log.ts:3
[13226862ms] [LOG] Mapped CC73 to LPF @ http://localhost:3000/src/utils/log.ts:3
[13261499ms] [LOG] MIDI disabled and cleaned up @ http://localhost:3000/src/utils/log.ts:3
[13261529ms] [LOG] enableSamplePlayerMidi() -> MIDI enabled @ http://localhost:3000/src/utils/log.ts:3
[13261600ms] [ERROR] The AudioContext encountered an error from the audio device or the WebAudio renderer. @ http://localhost:3000/:0
[13261786ms] [INFO] Audiolib: AudioWorklet module loaded. @ http://localhost:3000/@fs/Users/kristinnroachgunnarsson/Dev/kidlib/web-audio/dist/index.js?t=1788429628471:4806
[13261892ms] [LOG] MIDI disabled and cleaned up @ http://localhost:3000/src/utils/log.ts:3
[13261913ms] [LOG] enableSamplePlayerMidi() -> MIDI enabled @ http://localhost:3000/src/utils/log.ts:3
[13262148ms] [LOG] MIDI disabled and cleaned up @ http://localhost:3000/src/utils/log.ts:3
[13262157ms] [LOG] enableSamplePlayerMidi() -> MIDI enabled @ http://localhost:3000/src/utils/log.ts:3
[13262658ms] [LOG] Mapped CC15 to HPF @ http://localhost:3000/src/utils/log.ts:3
[13262658ms] [LOG] Mapped CC73 to LPF @ http://localhost:3000/src/utils/log.ts:3
[13802828ms] [LOG] MIDI disabled and cleaned up @ http://localhost:3000/src/utils/log.ts:3
[13802912ms] [LOG] enableSamplePlayerMidi() -> MIDI enabled @ http://localhost:3000/src/utils/log.ts:3
[13803067ms] [LOG] MIDI disabled and cleaned up @ http://localhost:3000/src/utils/log.ts:3
[13803088ms] [LOG] enableSamplePlayerMidi() -> MIDI enabled @ http://localhost:3000/src/utils/log.ts:3
[13803099ms] [ERROR] The AudioContext encountered an error from the audio device or the WebAudio renderer. @ http://localhost:3000/:0
[13803213ms] [INFO] Audiolib: AudioWorklet module loaded. @ http://localhost:3000/@fs/Users/kristinnroachgunnarsson/Dev/kidlib/web-audio/dist/index.js?t=1788430168903:4806
[13803340ms] [LOG] MIDI disabled and cleaned up @ http://localhost:3000/src/utils/log.ts:3
[13803354ms] [LOG] enableSamplePlayerMidi() -> MIDI enabled @ http://localhost:3000/src/utils/log.ts:3
[13803856ms] [LOG] Mapped CC15 to HPF @ http://localhost:3000/src/utils/log.ts:3
[13803857ms] [LOG] Mapped CC73 to LPF @ http://localhost:3000/src/utils/log.ts:3
[13827434ms] [LOG] MIDI disabled and cleaned up @ http://localhost:3000/src/utils/log.ts:3
[13827472ms] [LOG] enableSamplePlayerMidi() -> MIDI enabled @ http://localhost:3000/src/utils/log.ts:3
[13827539ms] [ERROR] The AudioContext encountered an error from the audio device or the WebAudio renderer. @ http://localhost:3000/:0
[13827623ms] [LOG] MIDI disabled and cleaned up @ http://localhost:3000/src/utils/log.ts:3
[13827632ms] [LOG] enableSamplePlayerMidi() -> MIDI enabled @ http://localhost:3000/src/utils/log.ts:3
[13827644ms] [INFO] Audiolib: AudioWorklet module loaded. @ http://localhost:3000/@fs/Users/kristinnroachgunnarsson/Dev/kidlib/web-audio/dist/index.js?t=1788430194260:4806
[13827698ms] [LOG] MIDI disabled and cleaned up @ http://localhost:3000/src/utils/log.ts:3
[13827709ms] [LOG] enableSamplePlayerMidi() -> MIDI enabled @ http://localhost:3000/src/utils/log.ts:3
[13828212ms] [LOG] Mapped CC15 to HPF @ http://localhost:3000/src/utils/log.ts:3
[13828212ms] [LOG] Mapped CC73 to LPF @ http://localhost:3000/src/utils/log.ts:3
[13850016ms] [LOG] MIDI disabled and cleaned up @ http://localhost:3000/src/utils/log.ts:3
[13850031ms] [LOG] enableSamplePlayerMidi() -> MIDI enabled @ http://localhost:3000/src/utils/log.ts:3
[13850068ms] [ERROR] The AudioContext encountered an error from the audio device or the WebAudio renderer. @ http://localhost:3000/:0
[13850121ms] [LOG] MIDI disabled and cleaned up @ http://localhost:3000/src/utils/log.ts:3
[13850129ms] [LOG] enableSamplePlayerMidi() -> MIDI enabled @ http://localhost:3000/src/utils/log.ts:3
[13850167ms] [INFO] Audiolib: AudioWorklet module loaded. @ http://localhost:3000/@fs/Users/kristinnroachgunnarsson/Dev/kidlib/web-audio/dist/index.js?t=1788430216833:4806
[13850239ms] [LOG] MIDI disabled and cleaned up @ http://localhost:3000/src/utils/log.ts:3
[13850249ms] [LOG] enableSamplePlayerMidi() -> MIDI enabled @ http://localhost:3000/src/utils/log.ts:3
[13850751ms] [LOG] Mapped CC15 to HPF @ http://localhost:3000/src/utils/log.ts:3
[13850751ms] [LOG] Mapped CC73 to LPF @ http://localhost:3000/src/utils/log.ts:3
[13880706ms] [LOG] MIDI disabled and cleaned up @ http://localhost:3000/src/utils/log.ts:3
[13880738ms] [LOG] enableSamplePlayerMidi() -> MIDI enabled @ http://localhost:3000/src/utils/log.ts:3
[13880831ms] [ERROR] The AudioContext encountered an error from the audio device or the WebAudio renderer. @ http://localhost:3000/:0
[13880909ms] [INFO] Audiolib: AudioWorklet module loaded. @ http://localhost:3000/@fs/Users/kristinnroachgunnarsson/Dev/kidlib/web-audio/dist/index.js?t=1788430248205:4806
[13881240ms] [LOG] Mapped CC15 to HPF @ http://localhost:3000/src/utils/log.ts:3
[13881240ms] [LOG] Mapped CC73 to LPF @ http://localhost:3000/src/utils/log.ts:3
[13881265ms] [LOG] MIDI disabled and cleaned up @ http://localhost:3000/src/utils/log.ts:3
[13881278ms] [LOG] enableSamplePlayerMidi() -> MIDI enabled @ http://localhost:3000/src/utils/log.ts:3
[13881405ms] [LOG] MIDI disabled and cleaned up @ http://localhost:3000/src/utils/log.ts:3
[13881422ms] [LOG] enableSamplePlayerMidi() -> MIDI enabled @ http://localhost:3000/src/utils/log.ts:3
[13881923ms] [LOG] Mapped CC15 to HPF @ http://localhost:3000/src/utils/log.ts:3
[13881923ms] [LOG] Mapped CC73 to LPF @ http://localhost:3000/src/utils/log.ts:3
[13967058ms] [LOG] MIDI disabled and cleaned up @ http://localhost:3000/src/utils/log.ts:3
[13967110ms] [LOG] enableSamplePlayerMidi() -> MIDI enabled @ http://localhost:3000/src/utils/log.ts:3
[13967173ms] [ERROR] The AudioContext encountered an error from the audio device or the WebAudio renderer. @ http://localhost:3000/:0
[13967262ms] [INFO] Audiolib: AudioWorklet module loaded. @ http://localhost:3000/@fs/Users/kristinnroachgunnarsson/Dev/kidlib/web-audio/dist/index.js?t=1788430335050:4806
[13967567ms] [LOG] MIDI disabled and cleaned up @ http://localhost:3000/src/utils/log.ts:3
[13967580ms] [LOG] enableSamplePlayerMidi() -> MIDI enabled @ http://localhost:3000/src/utils/log.ts:3
[13967647ms] [LOG] MIDI disabled and cleaned up @ http://localhost:3000/src/utils/log.ts:3
[13967663ms] [LOG] enableSamplePlayerMidi() -> MIDI enabled @ http://localhost:3000/src/utils/log.ts:3
[13968165ms] [LOG] Mapped CC15 to HPF @ http://localhost:3000/src/utils/log.ts:3
[13968165ms] [LOG] Mapped CC73 to LPF @ http://localhost:3000/src/utils/log.ts:3
[13973864ms] [LOG] MIDI disabled and cleaned up @ http://localhost:3000/src/utils/log.ts:3
[13973910ms] [LOG] enableSamplePlayerMidi() -> MIDI enabled @ http://localhost:3000/src/utils/log.ts:3
[13974024ms] [ERROR] The AudioContext encountered an error from the audio device or the WebAudio renderer. @ http://localhost:3000/:0
[13974027ms] [LOG] MIDI disabled and cleaned up @ http://localhost:3000/src/utils/log.ts:3
[13974047ms] [LOG] enableSamplePlayerMidi() -> MIDI enabled @ http://localhost:3000/src/utils/log.ts:3
[13974206ms] [LOG] MIDI disabled and cleaned up @ http://localhost:3000/src/utils/log.ts:3
[13974217ms] [LOG] enableSamplePlayerMidi() -> MIDI enabled @ http://localhost:3000/src/utils/log.ts:3
[13974233ms] [INFO] Audiolib: AudioWorklet module loaded. @ http://localhost:3000/@fs/Users/kristinnroachgunnarsson/Dev/kidlib/web-audio/dist/index.js?t=1788430340144:4806
[13974719ms] [LOG] Mapped CC15 to HPF @ http://localhost:3000/src/utils/log.ts:3
[13974720ms] [LOG] Mapped CC73 to LPF @ http://localhost:3000/src/utils/log.ts:3
[14024758ms] [LOG] MIDI disabled and cleaned up @ http://localhost:3000/src/utils/log.ts:3
[14024791ms] [LOG] enableSamplePlayerMidi() -> MIDI enabled @ http://localhost:3000/src/utils/log.ts:3
[14024844ms] [ERROR] The AudioContext encountered an error from the audio device or the WebAudio renderer. @ http://localhost:3000/:0
[14024933ms] [INFO] Audiolib: AudioWorklet module loaded. @ http://localhost:3000/@fs/Users/kristinnroachgunnarsson/Dev/kidlib/web-audio/dist/index.js?t=1788430391279:4806
[14024966ms] [LOG] MIDI disabled and cleaned up @ http://localhost:3000/src/utils/log.ts:3
[14024975ms] [LOG] enableSamplePlayerMidi() -> MIDI enabled @ http://localhost:3000/src/utils/log.ts:3
[14025039ms] [LOG] MIDI disabled and cleaned up @ http://localhost:3000/src/utils/log.ts:3
[14025047ms] [LOG] enableSamplePlayerMidi() -> MIDI enabled @ http://localhost:3000/src/utils/log.ts:3
[14025550ms] [LOG] Mapped CC15 to HPF @ http://localhost:3000/src/utils/log.ts:3
[14025550ms] [LOG] Mapped CC73 to LPF @ http://localhost:3000/src/utils/log.ts:3
[14077367ms] [LOG] MIDI disabled and cleaned up @ http://localhost:3000/src/utils/log.ts:3
[14077429ms] [LOG] enableSamplePlayerMidi() -> MIDI enabled @ http://localhost:3000/src/utils/log.ts:3
[14077507ms] [ERROR] The AudioContext encountered an error from the audio device or the WebAudio renderer. @ http://localhost:3000/:0
[14077590ms] [INFO] Audiolib: AudioWorklet module loaded. @ http://localhost:3000/@fs/Users/kristinnroachgunnarsson/Dev/kidlib/web-audio/dist/index.js?t=1788430444075:4806
[14077772ms] [LOG] MIDI disabled and cleaned up @ http://localhost:3000/src/utils/log.ts:3
[14077785ms] [LOG] enableSamplePlayerMidi() -> MIDI enabled @ http://localhost:3000/src/utils/log.ts:3
[14077898ms] [LOG] MIDI disabled and cleaned up @ http://localhost:3000/src/utils/log.ts:3
[14077919ms] [LOG] enableSamplePlayerMidi() -> MIDI enabled @ http://localhost:3000/src/utils/log.ts:3
[14078420ms] [LOG] Mapped CC15 to HPF @ http://localhost:3000/src/utils/log.ts:3
[14078420ms] [LOG] Mapped CC73 to LPF @ http://localhost:3000/src/utils/log.ts:3
[14349761ms] [LOG] MIDI disabled and cleaned up @ http://localhost:3000/src/utils/log.ts:3
[14349852ms] [LOG] enableSamplePlayerMidi() -> MIDI enabled @ http://localhost:3000/src/utils/log.ts:3
[14349983ms] [LOG] MIDI disabled and cleaned up @ http://localhost:3000/src/utils/log.ts:3
[14349997ms] [LOG] enableSamplePlayerMidi() -> MIDI enabled @ http://localhost:3000/src/utils/log.ts:3
[14349998ms] [ERROR] The AudioContext encountered an error from the audio device or the WebAudio renderer. @ http://localhost:3000/:0
[14350024ms] [LOG] MIDI disabled and cleaned up @ http://localhost:3000/src/utils/log.ts:3
[14350035ms] [LOG] enableSamplePlayerMidi() -> MIDI enabled @ http://localhost:3000/src/utils/log.ts:3
[14350130ms] [INFO] Audiolib: AudioWorklet module loaded. @ http://localhost:3000/@fs/Users/kristinnroachgunnarsson/Dev/kidlib/web-audio/dist/index.js?t=1788430716918:4806
[14350538ms] [LOG] Mapped CC15 to HPF @ http://localhost:3000/src/utils/log.ts:3
[14350538ms] [LOG] Mapped CC73 to LPF @ http://localhost:3000/src/utils/log.ts:3
[14363902ms] [LOG] MIDI disabled and cleaned up @ http://localhost:3000/src/utils/log.ts:3
[14363966ms] [LOG] enableSamplePlayerMidi() -> MIDI enabled @ http://localhost:3000/src/utils/log.ts:3
[14364074ms] [ERROR] The AudioContext encountered an error from the audio device or the WebAudio renderer. @ http://localhost:3000/:0
[14364381ms] [LOG] MIDI disabled and cleaned up @ http://localhost:3000/src/utils/log.ts:3
[14364393ms] [LOG] enableSamplePlayerMidi() -> MIDI enabled @ http://localhost:3000/src/utils/log.ts:3
[14364537ms] [INFO] Audiolib: AudioWorklet module loaded. @ http://localhost:3000/@fs/Users/kristinnroachgunnarsson/Dev/kidlib/web-audio/dist/index.js?t=1788430731267:4806
[14364599ms] [LOG] MIDI disabled and cleaned up @ http://localhost:3000/src/utils/log.ts:3
[14364738ms] [LOG] enableSamplePlayerMidi() -> MIDI enabled @ http://localhost:3000/src/utils/log.ts:3
[14365239ms] [LOG] Mapped CC15 to HPF @ http://localhost:3000/src/utils/log.ts:3
[14365239ms] [LOG] Mapped CC73 to LPF @ http://localhost:3000/src/utils/log.ts:3
[14365383ms] [LOG] MIDI disabled and cleaned up @ http://localhost:3000/src/utils/log.ts:3
[14365401ms] [LOG] enableSamplePlayerMidi() -> MIDI enabled @ http://localhost:3000/src/utils/log.ts:3
[14365608ms] [LOG] MIDI disabled and cleaned up @ http://localhost:3000/src/utils/log.ts:3
[14365626ms] [LOG] enableSamplePlayerMidi() -> MIDI enabled @ http://localhost:3000/src/utils/log.ts:3
[14365766ms] [LOG] MIDI disabled and cleaned up @ http://localhost:3000/src/utils/log.ts:3
[14365778ms] [LOG] enableSamplePlayerMidi() -> MIDI enabled @ http://localhost:3000/src/utils/log.ts:3
[14366279ms] [LOG] Mapped CC15 to HPF @ http://localhost:3000/src/utils/log.ts:3
[14366280ms] [LOG] Mapped CC73 to LPF @ http://localhost:3000/src/utils/log.ts:3
[14399423ms] [LOG] MIDI disabled and cleaned up @ http://localhost:3000/src/utils/log.ts:3
[14399465ms] [LOG] enableSamplePlayerMidi() -> MIDI enabled @ http://localhost:3000/src/utils/log.ts:3
[14399511ms] [ERROR] The AudioContext encountered an error from the audio device or the WebAudio renderer. @ http://localhost:3000/:0
[14399969ms] [LOG] Mapped CC15 to HPF @ http://localhost:3000/src/utils/log.ts:3
[14399969ms] [LOG] Mapped CC73 to LPF @ http://localhost:3000/src/utils/log.ts:3
[14400080ms] [LOG] MIDI disabled and cleaned up @ http://localhost:3000/src/utils/log.ts:3
[14400099ms] [LOG] enableSamplePlayerMidi() -> MIDI enabled @ http://localhost:3000/src/utils/log.ts:3
[14400432ms] [INFO] Audiolib: AudioWorklet module loaded. @ http://localhost:3000/@fs/Users/kristinnroachgunnarsson/Dev/kidlib/web-audio/dist/index.js?t=1788430766652:4806
[14400600ms] [LOG] Mapped CC15 to HPF @ http://localhost:3000/src/utils/log.ts:3
[14400600ms] [LOG] Mapped CC73 to LPF @ http://localhost:3000/src/utils/log.ts:3
[14400756ms] [LOG] MIDI disabled and cleaned up @ http://localhost:3000/src/utils/log.ts:3
[14400771ms] [LOG] enableSamplePlayerMidi() -> MIDI enabled @ http://localhost:3000/src/utils/log.ts:3
[14401273ms] [LOG] Mapped CC15 to HPF @ http://localhost:3000/src/utils/log.ts:3
[14401273ms] [LOG] Mapped CC73 to LPF @ http://localhost:3000/src/utils/log.ts:3
[14402024ms] [LOG] MIDI disabled and cleaned up @ http://localhost:3000/src/utils/log.ts:3
[14402061ms] [LOG] enableSamplePlayerMidi() -> MIDI enabled @ http://localhost:3000/src/utils/log.ts:3
[14402436ms] [LOG] MIDI disabled and cleaned up @ http://localhost:3000/src/utils/log.ts:3
[14402454ms] [LOG] enableSamplePlayerMidi() -> MIDI enabled @ http://localhost:3000/src/utils/log.ts:3
[14402495ms] [ERROR] The AudioContext encountered an error from the audio device or the WebAudio renderer. @ http://localhost:3000/:0
[14402500ms] [LOG] MIDI disabled and cleaned up @ http://localhost:3000/src/utils/log.ts:3
[14402520ms] [LOG] enableSamplePlayerMidi() -> MIDI enabled @ http://localhost:3000/src/utils/log.ts:3
[14402987ms] [INFO] Audiolib: AudioWorklet module loaded. @ http://localhost:3000/@fs/Users/kristinnroachgunnarsson/Dev/kidlib/web-audio/dist/index.js?t=1788430770359:4806
[14403053ms] [LOG] Mapped CC15 to HPF @ http://localhost:3000/src/utils/log.ts:3
[14403053ms] [LOG] Mapped CC73 to LPF @ http://localhost:3000/src/utils/log.ts:3
[14776242ms] [LOG] MIDI disabled and cleaned up @ http://localhost:3000/src/utils/log.ts:3
[14776286ms] [LOG] enableSamplePlayerMidi() -> MIDI enabled @ http://localhost:3000/src/utils/log.ts:3
[14776351ms] [ERROR] The AudioContext encountered an error from the audio device or the WebAudio renderer. @ http://localhost:3000/:0
[14776527ms] [LOG] MIDI disabled and cleaned up @ http://localhost:3000/src/utils/log.ts:3
[14776547ms] [LOG] enableSamplePlayerMidi() -> MIDI enabled @ http://localhost:3000/src/utils/log.ts:3
[14776562ms] [INFO] Audiolib: AudioWorklet module loaded. @ http://localhost:3000/@fs/Users/kristinnroachgunnarsson/Dev/kidlib/web-audio/dist/index.js?t=1788431143481:4806
[14776824ms] [LOG] MIDI disabled and cleaned up @ http://localhost:3000/src/utils/log.ts:3
[14776842ms] [LOG] enableSamplePlayerMidi() -> MIDI enabled @ http://localhost:3000/src/utils/log.ts:3
[14777054ms] [LOG] MIDI disabled and cleaned up @ http://localhost:3000/src/utils/log.ts:3
[14777077ms] [LOG] enableSamplePlayerMidi() -> MIDI enabled @ http://localhost:3000/src/utils/log.ts:3
[14777114ms] [LOG] MIDI disabled and cleaned up @ http://localhost:3000/src/utils/log.ts:3
[14777129ms] [LOG] enableSamplePlayerMidi() -> MIDI enabled @ http://localhost:3000/src/utils/log.ts:3
[14777224ms] [LOG] MIDI disabled and cleaned up @ http://localhost:3000/src/utils/log.ts:3
[14777235ms] [LOG] enableSamplePlayerMidi() -> MIDI enabled @ http://localhost:3000/src/utils/log.ts:3
[14777737ms] [LOG] Mapped CC15 to HPF @ http://localhost:3000/src/utils/log.ts:3
[14777740ms] [LOG] Mapped CC73 to LPF @ http://localhost:3000/src/utils/log.ts:3
[14783563ms] [LOG] MIDI disabled and cleaned up @ http://localhost:3000/src/utils/log.ts:3
[14783596ms] [LOG] enableSamplePlayerMidi() -> MIDI enabled @ http://localhost:3000/src/utils/log.ts:3
[14784097ms] [LOG] Mapped CC15 to HPF @ http://localhost:3000/src/utils/log.ts:3
[14784098ms] [LOG] Mapped CC73 to LPF @ http://localhost:3000/src/utils/log.ts:3
[14784124ms] [ERROR] The AudioContext encountered an error from the audio device or the WebAudio renderer. @ http://localhost:3000/:0
[14784408ms] [LOG] MIDI disabled and cleaned up @ http://localhost:3000/src/utils/log.ts:3
[14784420ms] [LOG] enableSamplePlayerMidi() -> MIDI enabled @ http://localhost:3000/src/utils/log.ts:3
[14784425ms] [INFO] Audiolib: AudioWorklet module loaded. @ http://localhost:3000/@fs/Users/kristinnroachgunnarsson/Dev/kidlib/web-audio/dist/index.js?t=1788431150183:4806
[14784503ms] [ERROR] The AudioContext encountered an error from the audio device or the WebAudio renderer. @ http://localhost:3000/:0
[14784511ms] [LOG] MIDI disabled and cleaned up @ http://localhost:3000/src/utils/log.ts:3
[14784539ms] [LOG] enableSamplePlayerMidi() -> MIDI enabled @ http://localhost:3000/src/utils/log.ts:3
[14784864ms] [LOG] MIDI disabled and cleaned up @ http://localhost:3000/src/utils/log.ts:3
[14784876ms] [LOG] enableSamplePlayerMidi() -> MIDI enabled @ http://localhost:3000/src/utils/log.ts:3
[14784938ms] [LOG] MIDI disabled and cleaned up @ http://localhost:3000/src/utils/log.ts:3
[14784949ms] [LOG] enableSamplePlayerMidi() -> MIDI enabled @ http://localhost:3000/src/utils/log.ts:3
[14784984ms] [LOG] MIDI disabled and cleaned up @ http://localhost:3000/src/utils/log.ts:3
[14784994ms] [LOG] enableSamplePlayerMidi() -> MIDI enabled @ http://localhost:3000/src/utils/log.ts:3
[14785464ms] [INFO] Audiolib: AudioWorklet module loaded. @ http://localhost:3000/@fs/Users/kristinnroachgunnarsson/Dev/kidlib/web-audio/dist/index.js?t=1788431151740:4806
[14785526ms] [LOG] Mapped CC15 to HPF @ http://localhost:3000/src/utils/log.ts:3
[14785526ms] [LOG] Mapped CC73 to LPF @ http://localhost:3000/src/utils/log.ts:3
